"model","min_ess","autocorr_post","autocorr_age_extant","autocorr_origin_time","autocorr_diversification","autocorr_max","autocorr_bad","gr_post","gr_age_extant","gr_origin_time","gr_diversification","gr_max","gr_bad","gr_mpsrf","updated"
"BR1_all.equal_new_all_global_523907",2538.20803692346,0.0292031670021982,0.0630053435672215,0.0282626249127814,0.0433843811878985,0.0630053435672215,"",0.999840098084554,1.00233719558063,1.00152485416623,0.999922992371557,1.00605020916042,"",1.00874099745365,"2021-01-04"
"BR1_all.equal_new_all_Uexp_225534",1685.85054299092,-0.00330117015711248,-0.0410940813710425,-0.0130394218353128,-0.0129914558598271,0.135080949378091,"branch_rates.25.,branch_rates.28.,branch_rates.32.,branch_rates.42.,branch_rates.43.",1.00010247454356,1.00024111793744,1.00018030213685,1.00014270476993,1.2254503845124,"branch_rates.1.,branch_rates.5.,branch_rates.6.,branch_rates.7.,branch_rates.9.,branch_rates.10.,branch_rates.12.,branch_rates.13.,branch_rates.16.,branch_rates.18.,branch_rates.19.,branch_rates.20.,branch_rates.22.",1.47638491497157,"2021-01-04"
"BR1_all.equal_new_early_global_261496",2481.3307589973,-0.0180774827023704,0.0233306851682684,0.0543520119598764,0.019725526829499,0.0668411962067777,"",1.000056962347,1.00074719071979,1.00267669041278,1.00154749606072,1.0031123607968,"",1.012021379764,"2021-01-04"
"BR1_all.equal_new_early_Uexp_972010",1956.6967331826,-0.0433519848862051,0.00982487443748471,0.0313188989406169,0.0002748122311862,0.205055215243788,"branch_rates.1.,branch_rates.5.,branch_rates.6.,branch_rates.11.",1.00147931535658,1.00023673805812,0.99987731921313,0.999866389333282,1.38018849073559,"branch_rates.2.,branch_rates.4.,branch_rates.6.,branch_rates.7.,branch_rates.9.,branch_rates.12.",1.51273781669868,"2021-01-04"
"BR1_all.equal_no.fossils_full.process_global_104607",2751.71922861689,-0.000668529258182632,NA,0.0443446840294856,0.0243647960848794,0.0643559134927115,"",1.00248218580535,NA,1.00089508634084,1.00094019112453,1.00594061298117,"",1.01654962029053,"2021-02-13"
"BR1_all.equal_no.fossils_full.process_Uexp_424417",2022.49834454571,0.0524289345309674,NA,0.12072270683973,0.0225814432247966,0.12072270683973,"origin_time",0.999725083431161,NA,1.00194454884392,1.00065842792783,1.10072604084274,"branch_rates.6.",1.09293627927027,"2021-02-13"
"BR1_optimal_new_all_global_455656",2769.4758138356,0.0466590844063493,0.0304230553797427,-0.00315973043037812,-0.00878219457979027,0.0545110541496732,"",1.00001051063155,1.00032551094453,1.00022300116717,0.999694918432372,1.0027269439104,"",1.01192814064079,"2021-01-04"
"BR1_optimal_new_all_Uexp_460362",1147.22972623264,0.0127114483354206,-0.00184606133173051,0.0208548026709006,0.0415490588707335,0.139397599665509,"branch_rates.23.,branch_rates.24.,branch_rates.25.,branch_rates.26.,branch_rates.28.,branch_rates.32.,branch_rates.35.,branch_rates.38.,branch_rates.39.,branch_rates.41.,branch_rates.43.",1.00080016953983,0.99994089028944,1.00162494577028,0.99974582865742,1.33667791490528,"branch_rates.2.,branch_rates.3.,branch_rates.5.,branch_rates.7.,branch_rates.8.,branch_rates.9.,branch_rates.14.,branch_rates.15.,branch_rates.16.,branch_rates.18.,branch_rates.23.",1.63555551428817,"2021-01-04"
"BR1_optimal_new_early_global_954808",2603.52616746318,0.0052133103747067,-0.0192406868186551,-0.02344869258063,-0.00787263748679055,0.0573934936663692,"",1.00065921142018,1.00228111691293,1.00358995309633,0.999920966558826,1.00654222250752,"",1.01449041134766,"2021-01-04"
"BR1_optimal_new_early_Uexp_185288",1860.47519966581,-0.0132691083092146,-0.0348010174319511,-0.0731575898845849,0.0242679110176573,0.0731575898845849,"",1.00033916366065,1.00009365654083,0.999712693091474,1.00073044042493,1.16101226543905,"branch_rates.4.,branch_rates.6.,branch_rates.9.",1.22369851922288,"2021-01-04"
"BR1_optimal_no.fossils_full.process_global_289138",2670.46412432409,0.0456282810520964,NA,0.0379573937663841,-0.00202215245227208,0.0625721889465984,"",0.999892918589565,NA,1.00039576114272,1.00506047697516,1.00506047697516,"",1.0097915678893,"2021-02-13"
"BR1_optimal_no.fossils_full.process_Uexp_345621",1907.34691615008,0.0993728312832364,NA,0.26509287009385,-0.00213251202386485,0.26509287009385,"origin_time",1.00127039247422,NA,0.999720252740295,1.00015802114448,1.06723462265623,"branch_rates.1.",1.11275489804053,"2021-02-13"
"BR1_prank_new_all_global_642717",2725.45937850426,0.0299150963383773,-0.00783609007123186,-0.00262052124420368,0.00870321581058682,0.0437944068246708,"",1.00019326031348,0.99981601952034,1.00061771463858,0.999773936849523,1.00891077768396,"",1.00957951107705,"2021-01-04"
"BR1_prank_new_all_Uexp_684452",1481.30840312817,0.0201495216093082,0.0277322159522696,0.0391609280016684,-0.0281639192000738,0.183726124341145,"branch_rates.8.,branch_rates.10.,branch_rates.11.,branch_rates.13.,branch_rates.15.,branch_rates.22.,branch_rates.24.,branch_rates.25.,branch_rates.29.,branch_rates.31.,branch_rates.37.,branch_rates.39.,branch_rates.40.,branch_rates.42.,branch_rates.43.",0.999809689687167,1.00064296023023,1.0000977448423,0.999909472865623,1.68468874620166,"branch_rates.2.,branch_rates.7.,branch_rates.8.,branch_rates.11.,branch_rates.12.,branch_rates.13.,branch_rates.14.,branch_rates.15.,branch_rates.16.,branch_rates.18.,branch_rates.19.,branch_rates.21.",2.49787146765514,"2021-01-04"
"BR1_prank_new_early_global_843936",2653.66157712224,-0.0193826374457314,0.0288278851759959,-0.0101620608806094,-0.0258463978878853,0.0914454569533434,"",1.00015655913057,1.00047749202596,1.00042161022577,0.999864948839071,1.00533264884913,"",1.00884170340829,"2021-01-04"
"BR1_prank_new_early_Uexp_846333",1098.21375856088,0.00646548976090155,-0.0151213010275127,0.00447164152825486,-0.0236687047983592,0.125448244607852,"branch_rates.12.",1.00057087661048,1.00005514697697,1.0015312786181,0.999793091084094,1.19115737280372,"branch_rates.8.,branch_rates.11.",1.16774611027009,"2021-01-04"
"BR1_prank_no.fossils_full.process_global_992555",2696.25547339166,0.00446297712503306,NA,0.0500563225999565,0.0113845471954918,0.0505071200815717,"",1.00018508134367,NA,0.999969100134149,1.00028535335927,1.0029711290412,"",1.0081913656894,"2021-02-13"
"BR1_prank_no.fossils_full.process_Uexp_201980",2328.60423850225,0.0558717808163657,NA,0.163062554817205,-0.000900589599768676,0.163062554817205,"origin_time",1.00000095972073,NA,1.00453159938338,1.00025902766358,1.03551178318651,"",1.08116415112557,"2021-02-13"
"CCE_all.equal_new_all_global_640095",2218.97624552198,0.0763531586690071,0.0512766474191926,0.0492283340913591,0.0108724141221654,0.0902549638981891,"",0.999722073945395,1.00004629055275,1.00004857656964,1.00012377576922,1.00211030826673,"",1.00717493907895,"2021-01-04"
"CCE_all.equal_new_all_Uexp_811345",899.248312492245,-0.0209701607566625,0.0330872566343441,-0.0139722671609596,-0.0136418775205901,0.183509471229493,"branch_rates.27.,branch_rates.29.,branch_rates.30.,branch_rates.31.,branch_rates.32.,branch_rates.36.,branch_rates.40.,branch_rates.41.,branch_rates.43.,branch_rates.44.,branch_rates.47.,branch_rates.48.",0.999668829222788,0.999691749606083,1.00170961180759,1.00305779241275,2.06313749342116,"branch_rates.2.,branch_rates.4.,branch_rates.5.,branch_rates.9.,branch_rates.10.,branch_rates.11.,branch_rates.14.,branch_rates.15.,branch_rates.20.,branch_rates.21.,branch_rates.24.,rates_song.3.",2.29588189702826,"2021-01-04"
"CCE_all.equal_new_early_global_787891",2726.94022233506,0.0284914601609167,-0.0291905556185582,0.0198330400431886,0.0394125424424739,0.0662032250326129,"",1.00030074902465,1.00078638198004,1.00002047849421,0.999723810566582,1.00721481382875,"",1.00967473798573,"2021-01-04"
"CCE_all.equal_new_early_Uexp_872048",2417.80735061742,0.00816658906785867,0.0304881114356567,-0.00654118970679831,0.0238107368299113,0.126548244490427,"branch_rates.8.",1.00009425185399,0.999813577588532,0.999709590518545,0.999954420795959,1.03361779923358,"",1.08023381071135,"2021-01-04"
"CCE_all.equal_old_all_global_170195",2156.75129075084,0.0725505936985878,0.116807103913156,0.056697721321436,0.0291408903509285,0.179478143325453,"Prior,age_extant",1.00026757675191,1.00090420375034,0.999709696872384,1.00300395376012,1.00402184989273,"",1.01683052356684,"2021-01-04"
"CCE_all.equal_old_all_Uexp_630447",1075.79279749861,-0.0144186461866401,0.086379812713766,0.0426410009159203,0.00544229142281656,0.191007663409019,"branch_rates.15.,branch_rates.23.,branch_rates.36.,branch_rates.52.,branch_rates.53.,branch_rates.54.,branch_rates.55.,branch_rates.56.,branch_rates.57.,branch_rates.58.,branch_rates.60.,branch_rates.61.,branch_rates.62.,branch_rates.64.,branch_rates.66.,branch_rates.67.,branch_rates.68.,branch_rates.70.,branch_rates.71.,branch_rates.72.,branch_rates.73.,branch_rates.74.,branch_rates.76.,branch_rates.77.,branch_rates.78.,branch_rates.79.,branch_rates.80.,branch_rates.81.,branch_rates.82.,branch_rates.83.,branch_rates.85.,branch_rates.86.,branch_rates.87.,branch_rates.88.,branch_rates.89.,branch_rates.91.,branch_rates.92.,branch_rates.93.,branch_rates.94.,branch_rates.95.,branch_rates.96.,branch_rates.97.,branch_rates.98.,branch_rates.99.,branch_rates.100.",1.00191682491732,1.00005035527713,1.00039890975069,1.00112593174404,1.15680749927854,"branch_rates.15.,branch_rates.16.,branch_rates.29.,branch_rates.41.",1.43207572469675,"2021-01-04"
"CCE_all.equal_old_early_global_933926",2379.03691032908,0.00556851158266026,-0.0144837323654332,0.0035371374006037,-0.0292035995351656,0.046127175200188,"",1.00168865554977,1.00197148585029,0.999923255541627,0.99973728615674,1.00679939339886,"",1.01296000134321,"2021-01-04"
"CCE_all.equal_old_early_Uexp_730923",2405.51955334376,0.0358029679673883,-0.0219418964521741,0.0510691171480638,0.0203771624543492,0.113994189455113,"branch_rates.1.",0.999967032407837,1.00075880841133,0.999760854581978,1.00419073061405,1.37122354608409,"branch_rates.5.,branch_rates.6.,branch_rates.7.,branch_rates.8.,branch_rates.9.,branch_rates.11.,branch_rates.13.,branch_rates.15.,branch_rates.16.,branch_rates.17.,branch_rates.19.",1.80256686227487,"2021-01-04"
"CCE_optimal_new_all_global_702438",2442.32361233885,0.0250226299672693,0.045544372326721,0.0237849204381662,0.0230104212057443,0.050800549262053,"",1.00159456829485,0.999799034946622,1.000784105359,0.999859581461875,1.00401898864575,"",1.00732426946489,"2021-01-04"
"CCE_optimal_new_all_Uexp_948886",538.248429757522,0.0325881897900699,0.0204988005798415,0.0370644141547775,0.0201987155401961,0.416822902644254,"branch_rates.5.,branch_rates.15.,branch_rates.16.,branch_rates.21.,branch_rates.24.,branch_rates.25.,branch_rates.26.,branch_rates.27.,branch_rates.28.,branch_rates.29.,branch_rates.30.,branch_rates.31.,branch_rates.32.,branch_rates.33.,branch_rates.34.,branch_rates.35.,branch_rates.36.,branch_rates.37.,branch_rates.38.,branch_rates.39.,branch_rates.40.,branch_rates.41.,branch_rates.42.,branch_rates.43.,branch_rates.44.,branch_rates.45.,branch_rates.46.,branch_rates.47.,branch_rates.48.",1.00470576225207,0.999678987136398,1.0011019637183,0.999983115369074,1.915530226553,"branch_rates.4.,branch_rates.5.,branch_rates.6.,branch_rates.8.,branch_rates.9.,branch_rates.10.,branch_rates.11.,branch_rates.12.,branch_rates.13.,branch_rates.16.,branch_rates.22.,branch_rates.23.,branch_rates.25.",2.28164974242742,"2021-01-04"
"CCE_optimal_new_early_global_456590",2679.9762254447,0.00151165519944104,0.00835627841289649,0.0199622958342968,0.058562137608527,0.0718663448602204,"",1.00003744789553,1.00009432538321,0.999886635936227,1.00017203924518,1.01218656607446,"",1.01107301564321,"2021-01-04"
"CCE_optimal_new_early_Uexp_404416",1186.25620421367,0.054943693466016,0.00472868190226162,0.0162088031639552,0.0137462866929754,0.360470801954918,"branch_rates.3.,branch_rates.6.,branch_rates.7.,branch_rates.9.,branch_rates.10.,branch_rates.11.,branch_rates.12.,branch_rates.13.,branch_rates.14.,branch_rates.15.,branch_rates.16.",1.00035837796088,1.00042299883693,1.00116980703197,0.999851323122445,1.69167654468236,"branch_rates.1.,branch_rates.3.,branch_rates.6.,branch_rates.9.",1.52108364398851,"2021-01-04"
"CCE_optimal_old_all_global_226246",1110.84256735598,0.0848207395560056,0.00800333976330478,0.0620513203932919,0.00635545224087161,0.209434555163387,"Likelihood,Prior,branch_rates",1.00123718475565,1.00021422865758,1.0005965119441,1.00032491985416,1.00238666360128,"",1.00702522134195,"2021-01-04"
"CCE_optimal_old_all_Uexp_294271",417.342389095584,0.0726023757926421,0.213693428150808,0.0557352964999703,-0.0216083020195683,0.221263486608426,"Likelihood,age_extant,branch_rates.8.,branch_rates.13.,branch_rates.19.,branch_rates.21.,branch_rates.24.,branch_rates.34.,branch_rates.52.,branch_rates.53.,branch_rates.54.,branch_rates.55.,branch_rates.56.,branch_rates.57.,branch_rates.58.,branch_rates.59.,branch_rates.60.,branch_rates.61.,branch_rates.62.,branch_rates.63.,branch_rates.64.,branch_rates.65.,branch_rates.66.,branch_rates.67.,branch_rates.68.,branch_rates.69.,branch_rates.70.,branch_rates.71.,branch_rates.72.,branch_rates.73.,branch_rates.74.,branch_rates.75.,branch_rates.77.,branch_rates.79.,branch_rates.80.,branch_rates.81.,branch_rates.83.,branch_rates.84.,branch_rates.85.,branch_rates.87.,branch_rates.88.,branch_rates.89.,branch_rates.90.,branch_rates.92.,branch_rates.93.,branch_rates.94.,branch_rates.95.,branch_rates.96.,branch_rates.98.,branch_rates.99.",1.0009933243071,1.00175225389412,1.00395962322124,1.00034043611379,1.54285689277224,"branch_rates.3.,branch_rates.5.,branch_rates.14.,branch_rates.19.,branch_rates.22.,branch_rates.25.,branch_rates.28.,branch_rates.30.,branch_rates.33.,branch_rates.36.,branch_rates.38.,branch_rates.42.,branch_rates.43.,branch_rates.46.,branch_rates.48.",1.99219410367453,"2021-01-04"
"CCE_optimal_old_early_global_315026",2637.73535696385,-0.00909880015823264,-0.0280315565631376,0.0184789362650893,-0.0271668524955202,0.0422929970307277,"",1.00031293559321,1.00162699201897,1.00001001019433,1.00090508565188,1.00505343687643,"",1.00935897049011,"2021-01-04"
"CCE_optimal_old_early_Uexp_176588",1391.67775796442,-0.0100644253597926,-0.00227505234737174,0.00462263987209329,-0.0218915991372638,0.21050554744689,"branch_rates.1.,branch_rates.11.,branch_rates.33.",1.00010928533106,1.00006355464096,1.00133547885579,1.00049412293093,1.15411762583526,"branch_rates.2.,branch_rates.4.,branch_rates.5.,branch_rates.6.,branch_rates.18.",1.19474348242183,"2021-01-04"
"CCE_prank_new_all_global_303371",2229.29513344309,0.0822212722201734,0.0302035714605514,0.00300251064150367,-0.0241352659576513,0.0822212722201734,"",0.999968602811843,1.00028128767136,1.00000381896945,1.00061443372023,1.00331301169183,"",1.00951360525183,"2021-01-04"
"CCE_prank_new_all_Uexp_776614",282.83446449828,-0.00715403818089718,-0.0162642332283944,0.0407385756141996,0.0165407162176095,0.468688712835738,"branch_rates.8.,branch_rates.17.,branch_rates.24.,branch_rates.26.,branch_rates.27.,branch_rates.28.,branch_rates.29.,branch_rates.30.,branch_rates.31.,branch_rates.32.,branch_rates.33.,branch_rates.34.,branch_rates.35.,branch_rates.36.,branch_rates.37.,branch_rates.38.,branch_rates.39.,branch_rates.40.,branch_rates.41.,branch_rates.42.,branch_rates.43.,branch_rates.44.,branch_rates.45.,branch_rates.46.,branch_rates.47.,branch_rates.48.",1.0007574332055,1.00023966934754,0.999805625377198,1.00163456990267,1.26546621686881,"branch_rates.4.,branch_rates.6.,branch_rates.7.,branch_rates.8.,branch_rates.9.,branch_rates.10.,branch_rates.11.,branch_rates.15.,branch_rates.17.,branch_rates.21.,branch_rates.25.",1.53409960877994,"2021-01-04"
"CCE_prank_new_early_global_401770",2625.45325013626,0.0688643754223508,-0.01837455328078,-0.00271806327812721,0.016209339463161,0.0688643754223508,"",1.00127553914094,0.999901886514202,0.999756720017792,0.999725515754683,1.01263702697824,"",1.00982752615947,"2021-01-04"
"CCE_prank_new_early_Uexp_865214",1633.95982114784,0.00794187770903384,0.0154616427665816,-0.00884933429865221,0.00896418951673589,0.151747051756275,"branch_rates.3.,branch_rates.7.",0.999857894443815,1.00043943645046,1.00312269495092,1.00147692535376,1.27566109842728,"branch_rates.4.,branch_rates.6.",1.26861567355794,"2021-01-04"
"CCE_prank_old_all_global_970924",1419.92202212125,0.143050171029728,0.15323274786727,0.0425077405064302,0.0306148366260279,0.197293821465549,"Posterior,Likelihood,Prior,age_extant,branch_rates",1.0002820960982,1.00253115469449,1.00013711068817,0.999992099488936,1.00484589090114,"",1.01479238768116,"2021-01-04"
"CCE_prank_old_all_Uexp_615629",455.674369833793,0.0180403937418456,0.112716753244147,0.0623769651359039,-0.031766343026883,0.196673136268797,"age_extant,branch_rates.53.,branch_rates.54.,branch_rates.55.,branch_rates.56.,branch_rates.57.,branch_rates.61.,branch_rates.62.,branch_rates.64.,branch_rates.66.,branch_rates.67.,branch_rates.68.,branch_rates.69.,branch_rates.70.,branch_rates.71.,branch_rates.74.,branch_rates.75.,branch_rates.77.,branch_rates.78.,branch_rates.79.,branch_rates.82.,branch_rates.83.,branch_rates.84.,branch_rates.85.,branch_rates.86.,branch_rates.87.,branch_rates.88.,branch_rates.92.,branch_rates.93.,branch_rates.96.,branch_rates.97.,branch_rates.98.,branch_rates.100.",0.999677545314375,1.00004615641801,0.999673172084734,1.00153939981845,1.93974968706568,"branch_rates.7.,branch_rates.10.,branch_rates.14.,branch_rates.21.,branch_rates.23.,branch_rates.28.,branch_rates.37.,branch_rates.46.,branch_rates.47.",2.09437499634809,"2021-01-04"
"CCE_prank_old_early_global_638593",2826.88440638395,0.0388189170098133,0.0384913965572795,-0.00244372231195274,0.0180270155353212,0.0699628163000323,"",1.00033704187965,1.00051836981167,1.0003518577876,1.0002636412219,1.0082183846985,"",1.01495019762756,"2021-01-04"
"CCE_prank_old_early_Uexp_822680",2047.71426607116,0.00186248110797508,0.0101097600151582,0.00835044517937177,0.0168967459294317,0.0836577007677347,"",1.00019415209184,1.00124724909911,1.00024765652755,0.999686174973155,1.25170065070824,"branch_rates.1.,branch_rates.2.,branch_rates.5.,branch_rates.13.,branch_rates.14.,branch_rates.15.,branch_rates.17.,branch_rates.19.,branch_rates.20.",1.59724439023065,"2021-01-04"
"HC1_all.equal_new_all_global_480886",2723.38494190643,0.0255226302833794,0.067544375142662,0.0545035910056959,0.0456496888585349,0.067544375142662,"",1.0035917316238,1.0004264349498,1.00199645024352,0.999824452992355,1.03488443922139,"",1.00609335461305,"2021-01-04"
"HC1_all.equal_new_all_Uexp_215880",1240.23156843272,-0.0518742518912279,-0.0200517546552563,-0.0251213436283811,-0.00841762231243585,0.137279583347356,"branch_rates.15.,branch_rates.17.,branch_rates.18.",1.00055858113036,1.00141322607946,1.00029555906978,0.999871783128767,1.04866620778271,"",1.08368826981079,"2021-01-04"
"HC1_all.equal_new_early_global_244734",0,0.00658207313958246,0.0257974519032568,0.0373562836579035,0.0424887285080696,NA,"",NA,NA,NA,NA,NA,NA,NA,"2021-01-04"
"HC1_all.equal_new_early_Uexp_242987",0,0.0322536760962828,-0.0244333620047132,0.0107411653168589,0.0195759674978354,NA,"",NA,NA,NA,NA,NA,NA,NA,"2021-01-04"
"HC1_all.equal_old_all_global_793409",1827.4618543833,0.097872313563562,0.187247368268428,-0.0113846305456785,-0.0010970585356675,0.187247368268428,"Prior,age_extant",1.00027993420087,1.0002154481782,1.00079589867238,0.999963709935814,1.00442899982884,"",1.01358084300666,"2021-01-04"
"HC1_all.equal_old_all_Uexp_294081",1044.00486222645,0.016798162609485,0.171847596124031,0.065803872253965,-0.0105007819958376,0.171847596124031,"age_extant,branch_rates.14.,branch_rates.42.,branch_rates.48.,branch_rates.50.,branch_rates.54.,branch_rates.59.",1.00201747504626,1.00007685325174,1.00026256497649,1.00021159987287,1.53484124619492,"branch_rates.3.,branch_rates.5.,branch_rates.9.,branch_rates.10.,branch_rates.11.,branch_rates.12.,branch_rates.15.,branch_rates.17.,branch_rates.18.,branch_rates.20.,branch_rates.21.,branch_rates.25.,branch_rates.26.,branch_rates.27.,branch_rates.29.",2.20032967951525,"2021-01-04"
"HC1_all.equal_old_early_global_267086",2361.61855751218,0.0572481870510404,0.111657125079479,-0.00273608949277705,-0.0120135219912001,0.111657125079479,"age_extant",1.00109872637533,1.00056217870101,1.00047329026827,1.00101482444329,1.0038316352232,"",1.01466027672582,"2021-01-04"
"HC1_all.equal_old_early_Uexp_847977",2113.445289114,0.00943070308104954,0.128863477530526,0.0447194803548409,0.0132384240403999,0.128863477530526,"age_extant",1.00006962917246,1.00313894594595,1.00065384186936,1.00124786704926,1.40308101594189,"branch_rates.2.,branch_rates.8.,branch_rates.9.,branch_rates.12.,branch_rates.16.,branch_rates.18.,branch_rates.19.,branch_rates.20.",1.69363469881716,"2021-01-04"
"HC1_optimal_new_all_global_962187",2692.05229812007,0.0113205494590974,-0.0037961720285597,-0.0142649607881683,0.010423110440751,0.054671862528996,"",1.00206718993329,1.00054226182022,1.00039164142267,0.999706302961989,1.04819327479049,"",1.01373666813432,"2021-01-04"
"HC1_optimal_new_all_Uexp_603963",987.388443666736,0.00995264900814356,-0.0497180254603589,-0.0428116477862389,0.00952707173546003,0.220563083594786,"branch_rates.3.,branch_rates.5.",1.00038842553814,1.00050040831246,0.999686754750948,1.00348493110952,1.06700392732644,"branch_rates.9.",1.08597215655373,"2021-01-04"
"HC1_optimal_new_early_global_914623",0,0.0148824058015737,-0.00924693130667815,0.0104889629491685,0.0139439057312466,NA,"",NA,NA,NA,NA,NA,NA,NA,"2021-01-04"
"HC1_optimal_new_early_Uexp_678765",0,-0.0358351726479712,0.0186570288716813,0.00619626887567905,0.0382079302204149,NA,"",NA,NA,NA,NA,NA,NA,NA,"2021-01-04"
"HC1_optimal_old_all_global_994599",2603.24934942644,0.0289516115726573,0.0477283477550953,0.0425637685668969,-0.0198348988805292,0.0644222647062211,"",0.999744600560764,1.00000795639102,1.00290303576149,1.00175956087386,1.01299498249113,"",1.01504629052698,"2021-01-04"
"HC1_optimal_old_all_Uexp_598389",1514.68471903022,0.0307493041495384,0.211677000384859,0.02291032804662,-0.00545447269482226,0.211677000384859,"age_extant,branch_rates.49.,branch_rates.53.,er.7.",0.999708236723407,1.00008844623404,1.00056139849165,1.00091156916191,1.64892539393639,"branch_rates.3.,branch_rates.5.,branch_rates.7.,branch_rates.9.,branch_rates.11.,branch_rates.12.,branch_rates.13.,branch_rates.15.,branch_rates.16.,branch_rates.17.,branch_rates.19.,branch_rates.22.,branch_rates.30.,branch_rates.31.",2.31039997357756,"2021-01-04"
"HC1_optimal_old_early_global_410712",2709.49436661175,-0.0435514435649603,0.00335917132510748,0.0133911043465498,0.00794946699113665,0.0435514435649603,"",1.0005893934061,1.00393907461798,1.00181337430292,1.00082312333577,1.0072654988444,"",1.014220263332,"2021-01-04"
"HC1_optimal_old_early_Uexp_517529",1981.88869247828,-0.0308477059350634,0.234025211124024,0.0173157862456317,0.0235696623625041,0.234025211124024,"age_extant,branch_rates.6.",1.00139776449907,1.00021943361596,0.999834636885686,1.0010140822008,1.24242902774173,"branch_rates.4.,branch_rates.7.,branch_rates.9.,branch_rates.11.,branch_rates.15.,branch_rates.18.,branch_rates.19.",1.37619647739349,"2021-01-04"
"HC1_prank_new_all_global_317778",2593.19437017475,0.0290972713658395,0.00328161190791382,0.0347555179153871,0.04560871430677,0.0664962201543368,"",1.00037557684386,0.999734527009316,0.99994157449618,1.00022793526123,1.00847808232782,"",1.00929406175558,"2021-01-04"
"HC1_prank_new_all_Uexp_870859",982.89281097206,0.0184358982355333,-0.0249629351731004,-0.0104002636859212,0.0361815087206709,0.16832146086007,"branch_rates.16.,branch_rates.17.,branch_rates.22.",1.00083516474872,1.00257259345779,1.00172890392926,1.00124630605552,1.13796022217172,"branch_rates.2.,branch_rates.3.,branch_rates.11.",1.18291551071596,"2021-01-04"
"HC1_prank_new_early_global_417133",0,0.0296822846486553,0.0129497919734441,0.00649942131704276,0.0241015499725338,NA,"",NA,NA,NA,NA,NA,NA,NA,"2021-01-04"
"HC1_prank_new_early_Uexp_771478",0,-0.0074907568916363,0.0433860492465628,-0.0117865437807941,0.00146753268979333,NA,"",NA,NA,NA,NA,NA,NA,NA,"2021-01-04"
"HC1_prank_old_all_global_842673",1254.59300730501,0.0350350635969069,0.202966910518929,0.0257993590914432,0.0509891356178618,0.261044827299187,"Prior,age_extant,branch_rates,er.2.,er.10.,er.11.,er.12.,er.13.",1.00046747677451,1.00638477602792,0.999798773062045,1.00017310676716,1.00638477602792,"",1.01240325098121,"2021-01-04"
"HC1_prank_old_all_Uexp_672479",623.636313624133,0.0483343013401045,0.240612253922554,0.0102272018584022,-0.0448387145651442,0.240612253922554,"age_extant,branch_rates.3.,branch_rates.13.,branch_rates.22.,branch_rates.32.,branch_rates.33.,branch_rates.35.,branch_rates.37.,branch_rates.39.,branch_rates.40.,branch_rates.41.,branch_rates.43.,branch_rates.46.,branch_rates.49.,branch_rates.51.,branch_rates.53.,branch_rates.56.,branch_rates.57.",1.00022623640252,1.00739735838661,1.00027744921592,0.999828302548235,1.899439574738,"branch_rates.3.,branch_rates.4.,branch_rates.6.,branch_rates.7.,branch_rates.9.,branch_rates.10.,branch_rates.11.,branch_rates.12.,branch_rates.13.,branch_rates.15.,branch_rates.16.,branch_rates.17.,branch_rates.18.,branch_rates.20.,branch_rates.21.,branch_rates.22.,branch_rates.23.,branch_rates.24.,branch_rates.26.,branch_rates.28.,branch_rates.29.,branch_rates.36.,branch_rates.41.,branch_rates.43.",2.80422647654017,"2021-01-04"
"HC1_prank_old_early_global_439437",1206.68627968711,0.0167984973851743,0.386193482416029,0.0896266334780442,0.0215802124431369,0.386193482416029,"Likelihood,Prior,age_extant,branch_rates,er.2.,er.3.,er.7.,er.10.,er.11.,er.12.",1.00023915952166,1.01060864920009,1.00176682840765,0.999913364628235,1.01060864920009,"",1.01568581882779,"2021-01-04"
"HC1_prank_old_early_Uexp_577867",1029.72813742746,0.073671656711168,0.163206880936519,-0.0200341575461099,0.00191122074115698,0.163206880936519,"age_extant,branch_rates.22.,branch_rates.26.,branch_rates.29.",0.99984116961749,1.00997149469288,1.00080521153747,1.00102452951236,3.05333993131662,"branch_rates.2.,branch_rates.4.,branch_rates.5.,branch_rates.7.,branch_rates.9.,branch_rates.12.,branch_rates.13.,branch_rates.16.,branch_rates.17.,branch_rates.18.,branch_rates.19.,branch_rates.20.",3.21830582914203,"2021-01-04"
"SUR_all.equal_new_all_global_373688",508.74334511614,0.203371202331683,0.368541461767825,0.0689885192276335,0.00704244574536001,0.368541461767825,"Posterior,Prior,age_extant,branch_rates",1.00032610133714,1.01397823869826,1.00125382183659,1.00031560569838,1.01397823869826,"",1.01894162186914,"2021-01-04"
"SUR_all.equal_new_all_Uexp_675615",290.678742095639,0.0842563874355476,0.312838420626547,0.0317788847305257,-0.0159964733290867,0.321312894075566,"age_extant,branch_rates.66.,branch_rates.67.,branch_rates.69.,branch_rates.73.,branch_rates.74.,branch_rates.75.,branch_rates.77.,branch_rates.80.,branch_rates.81.,branch_rates.84.,branch_rates.86.,branch_rates.87.,branch_rates.88.,branch_rates.89.,branch_rates.90.,branch_rates.91.,branch_rates.92.,branch_rates.93.,branch_rates.96.,branch_rates.99.,branch_rates.103.,branch_rates.104.,branch_rates.105.,branch_rates.106.,branch_rates.107.,branch_rates.109.,branch_rates.110.,branch_rates.111.,branch_rates.113.,branch_rates.115.,branch_rates.117.,branch_rates.118.,branch_rates.119.,branch_rates.120.,branch_rates.125.,branch_rates.126.,branch_rates.127.",1.00054191409941,1.01622755836598,0.999862416704874,1.0002516081839,1.49015595799129,"branch_rates.1.,branch_rates.3.,branch_rates.5.,branch_rates.14.,branch_rates.20.,branch_rates.28.,branch_rates.32.,branch_rates.42.,branch_rates.53.,branch_rates.54.,branch_rates.59.,branch_rates.60.,branch_rates.63.",2.1580285693337,"2021-01-04"
"SUR_all.equal_new_early_global_791160",2325.91504599258,0.0222354684272636,0.112786946359943,0.00994055165533812,-0.0285768276732435,0.112786946359943,"age_extant",1.00081924521929,1.00035353025567,1.00001909314257,0.999867256320542,1.00302061550384,"",1.01009102094243,"2021-01-04"
"SUR_all.equal_new_early_Uexp_855693",1703.42527201025,0.125082580495713,0.201052675860265,0.0417429584142038,-0.0130695388256517,0.201052675860265,"Posterior,Prior,age_extant,branch_rates.1.,branch_rates.19.,branch_rates.26.,branch_rates.27.,branch_rates.28.,branch_rates.30.,branch_rates.33.,branch_rates.35.,branch_rates.36.,branch_rates.37.,branch_rates.39.,branch_rates.40.,branch_rates.41.,branch_rates.42.,branch_rates.44.,branch_rates.45.,branch_rates.46.,branch_rates_mean,er.8.",0.999918401524505,1.00001984813947,1.00079863787442,1.00005029957022,1.15208309742996,"branch_rates.8.,branch_rates.14.",1.1963298087663,"2021-01-04"
"SUR_all.equal_no.fossils_full.process_global_449415",1286.15418812048,0.0147089354005664,NA,0.0220069089022655,0.00876621604368416,0.0696138801691226,"",1.00001310968006,NA,1.00167447525651,1.00459187545438,1.10618919515694,"rates_song.1.,rates_song.2.,rates_song.3.",1.01839574901756,"2021-02-13"
"SUR_all.equal_no.fossils_full.process_Uexp_350631",1144.48612874037,0.0126474935732608,NA,0.0219864672533281,-0.0213366157043683,0.0938365979952283,"",1.00057103694052,NA,0.999355507753481,1.0029046587778,1.23863010530572,"rates_song.1.,rates_song.2.,rates_song.3.",1.02274116283127,"2021-02-13"
"SUR_all.equal_old_all_global_455937",204.534438009666,0.288423192178473,0.285602675062279,0.0510030281460234,0.0099700023344961,0.452112712680659,"Posterior,Likelihood,Prior,age_extant,branch_rates,er.7.,er.9.,er.10.,psi,sf.6.",1.01058233301935,1.00302265332215,1.0012026466471,1.00000169026823,1.01507885281277,"",1.01834458337953,"2021-01-04"
"SUR_all.equal_old_all_Uexp_399591",208.607551346167,0.0742882518047909,0.184735911597599,0.0703179370679581,0.0181265331975583,0.330069355598436,"Likelihood,age_extant,branch_rates.14.,branch_rates.43.,branch_rates.84.,branch_rates.101.,branch_rates.102.,branch_rates.103.,branch_rates.105.,branch_rates.106.,branch_rates.108.,branch_rates.109.,branch_rates.110.,branch_rates.111.,branch_rates.112.,branch_rates.113.,branch_rates.114.,branch_rates.115.,branch_rates.116.,branch_rates.117.,branch_rates.118.,branch_rates.119.,branch_rates.120.,branch_rates.122.,branch_rates.123.,branch_rates.124.,branch_rates.125.,branch_rates.126.,branch_rates.127.,branch_rates.128.,branch_rates.129.,branch_rates.130.,branch_rates.131.,branch_rates.132.,branch_rates.133.,branch_rates.134.,branch_rates.135.,branch_rates.136.,branch_rates.137.,branch_rates.138.,branch_rates.139.,branch_rates.140.,branch_rates.142.,branch_rates.143.,branch_rates.144.,branch_rates.145.,branch_rates.146.,branch_rates.147.,branch_rates.148.,branch_rates.149.,branch_rates.150.,branch_rates.151.,branch_rates.152.,branch_rates.153.,branch_rates.154.,branch_rates.155.,branch_rates.157.,branch_rates.158.,branch_rates.160.,branch_rates.161.,branch_rates.163.,branch_rates.164.,branch_rates.166.,branch_rates.167.,branch_rates.168.,branch_rates.169.,branch_rates.170.,branch_rates.171.,branch_rates.172.,branch_rates.173.,branch_rates.174.,branch_rates.175.,branch_rates.176.,branch_rates.177.,branch_rates.178.,branch_rates.179.,branch_rates.180.,branch_rates.181.,branch_rates.183.,branch_rates.184.,branch_rates.185.,branch_rates.186.,branch_rates.187.,branch_rates.188.,branch_rates.189.,branch_rates.190.,branch_rates.191.,branch_rates.192.,branch_rates.193.,branch_rates.195.,branch_rates.196.,branch_rates.197.,branch_rates.198.,branch_rates_mean,er.7.,er.9.,sf.6.",1.00840488774046,1.66045475776182,1.02433692138645,1.00108784243774,1.66045475776182,"age_extant,branch_rates.2.,branch_rates.4.,branch_rates.5.,branch_rates.6.,branch_rates.8.,branch_rates.15.,branch_rates.43.,branch_rates.47.,branch_rates.57.,branch_rates.59.,branch_rates.60.,branch_rates.83.,branch_rates.84.,branch_rates.93.,branch_rates.95.",2.55590969655697,"2021-01-04"
"SUR_all.equal_old_early_global_161096",736.102046543796,0.153689083341059,0.2945727885805,0.123973706106877,-0.0322301627671918,0.2945727885805,"Posterior,Likelihood,Prior,age_extant,branch_rates,origin_time,psi",1.00115027803086,1.00261610443889,1.00167842019453,1.00106742893825,1.00294549475686,"",1.00693813415828,"2021-01-04"
"SUR_all.equal_old_early_Uexp_156362",660.922445918309,0.196261688472805,0.551506051673797,0.126387429527684,0.0231192748099539,0.551506051673797,"Posterior,Likelihood,Prior,age_extant,branch_rates.8.,branch_rates.11.,branch_rates.21.,branch_rates.22.,branch_rates.23.,branch_rates.24.,branch_rates.25.,branch_rates.33.,branch_rates.39.,branch_rates.40.,branch_rates.41.,branch_rates.42.,branch_rates.43.,branch_rates.49.,branch_rates.61.,branch_rates.63.,branch_rates.64.,branch_rates.65.,branch_rates.67.,branch_rates.70.,branch_rates.72.,branch_rates_mean,er.7.,er.9.,er.14.,origin_time,psi,sf.6.",1.00075161774023,1.020013891596,1.00000478209766,0.999769077391129,1.28258116933573,"branch_rates.4.,branch_rates.8.,branch_rates.13.,branch_rates.17.,branch_rates.18.,branch_rates.19.,branch_rates.23.,branch_rates.24.,branch_rates.27.,branch_rates.35.",1.55460290501801,"2021-01-04"
"SUR_optimal_new_all_global_557832",1228.91177303007,0.277829341569112,0.141598710839358,0.129247927448329,-0.0354396519715301,0.341485064925837,"Posterior,Prior,age_extant,branch_rates,er.14.,origin_time,psi",1.00152143140512,1.01961513373537,1.00200431527877,1.00020202849997,1.01961513373537,"",1.01175701460288,"2021-01-04"
"SUR_optimal_new_all_Uexp_906174",177.065843257668,0.0610922229835756,0.110485170136012,0.0373129065310432,-0.0183310656476621,0.331273597873981,"age_extant,branch_rates.22.,branch_rates.30.,branch_rates.62.,branch_rates.64.,branch_rates.66.,branch_rates.67.,branch_rates.68.,branch_rates.69.,branch_rates.71.,branch_rates.72.,branch_rates.73.,branch_rates.74.,branch_rates.75.,branch_rates.76.,branch_rates.77.,branch_rates.78.,branch_rates.79.,branch_rates.80.,branch_rates.81.,branch_rates.83.,branch_rates.84.,branch_rates.85.,branch_rates.86.,branch_rates.87.,branch_rates.88.,branch_rates.89.,branch_rates.90.,branch_rates.91.,branch_rates.92.,branch_rates.93.,branch_rates.95.,branch_rates.96.,branch_rates.97.,branch_rates.98.,branch_rates.99.,branch_rates.100.,branch_rates.101.,branch_rates.103.,branch_rates.104.,branch_rates.105.,branch_rates.106.,branch_rates.107.,branch_rates.110.,branch_rates.111.,branch_rates.112.,branch_rates.113.,branch_rates.114.,branch_rates.115.,branch_rates.116.,branch_rates.117.,branch_rates.118.,branch_rates.119.,branch_rates.121.,branch_rates.123.,branch_rates.124.,branch_rates.125.,branch_rates.126.,branch_rates.127.,branch_rates_mean,er.14.,psi",1.00074503890184,1.02817407808726,1.0024308055288,0.999892030040451,1.0761261077797,"branch_rates.6.,branch_rates.38.",1.30745446138445,"2021-01-04"
"SUR_optimal_new_early_global_715759",1314.8272612855,0.192762548084073,0.364266386473703,0.041773067571955,0.0357926577998633,0.364266386473703,"Posterior,Prior,age_extant",1.00027867227991,1.00018789108113,1.00062555567547,0.99977924133177,1.00530471931633,"",1.01846428852521,"2021-01-04"
"SUR_optimal_new_early_Uexp_387546",1566.64822918647,0.013906872333743,0.144868634746472,0.0357076610289067,0.0305726144117802,0.144868634746472,"age_extant,branch_rates.25.,branch_rates.32.,branch_rates.38.,branch_rates.40.,branch_rates.41.,branch_rates.43.,branch_rates.46.",1.00038360419933,0.999763898416767,0.999688576663238,1.00069531166949,1.15214603968366,"branch_rates.3.,branch_rates.15.,branch_rates.18.",1.18370176721029,"2021-01-04"
"SUR_optimal_no.fossils_full.process_global_624009",1152.97495846155,0.0337788114200364,NA,-0.0136723303740603,-0.0302060097584607,0.0889912599508765,"",0.99996878924212,NA,0.999822676983941,0.999812916368316,1.03659516646523,"",1.02113866207487,"2021-02-13"
"SUR_optimal_no.fossils_full.process_Uexp_226580",1236.30205540116,-0.00503645194834087,NA,0.00544324607276786,-0.0531691287134509,0.109655918195832,"branch_rates.3.",1.00205652280598,NA,0.999398544109299,1.00058152562371,1.26869522188762,"rates_song.1.,rates_song.2.,rates_song.3.",1.04680645834457,"2021-02-13"
"SUR_optimal_old_all_global_977860",1342.37853751509,0.192807428359275,0.0909182355870123,-0.016599382535311,0.0169196066560051,0.216421765157047,"Posterior,Prior",1.0032940226676,1.68147179529188,1.01139529138854,1.00037863360456,1.68147179529188,"Likelihood,Prior,age_extant",1.27199291450168,"2021-01-04"
"SUR_optimal_old_all_Uexp_536088",240.114622821891,0.13559000415197,0.365974767730905,0.0352134937631644,-0.00566769516903636,0.365974767730905,"Posterior,Likelihood,Prior,age_extant,branch_rates.18.,branch_rates.46.,branch_rates.61.,branch_rates.65.,branch_rates.67.,branch_rates.78.,branch_rates.82.,branch_rates.99.,branch_rates.101.,branch_rates.102.,branch_rates.103.,branch_rates.104.,branch_rates.105.,branch_rates.106.,branch_rates.107.,branch_rates.108.,branch_rates.112.,branch_rates.113.,branch_rates.114.,branch_rates.116.,branch_rates.117.,branch_rates.119.,branch_rates.120.,branch_rates.121.,branch_rates.122.,branch_rates.124.,branch_rates.125.,branch_rates.127.,branch_rates.128.,branch_rates.129.,branch_rates.130.,branch_rates.132.,branch_rates.134.,branch_rates.135.,branch_rates.136.,branch_rates.137.,branch_rates.138.,branch_rates.139.,branch_rates.141.,branch_rates.142.,branch_rates.144.,branch_rates.146.,branch_rates.147.,branch_rates.148.,branch_rates.149.,branch_rates.150.,branch_rates.151.,branch_rates.152.,branch_rates.153.,branch_rates.154.,branch_rates.155.,branch_rates.158.,branch_rates.159.,branch_rates.160.,branch_rates.162.,branch_rates.163.,branch_rates.164.,branch_rates.165.,branch_rates.168.,branch_rates.169.,branch_rates.171.,branch_rates.172.,branch_rates.173.,branch_rates.174.,branch_rates.176.,branch_rates.177.,branch_rates.178.,branch_rates.179.,branch_rates.180.,branch_rates.181.,branch_rates.182.,branch_rates.183.,branch_rates.186.,branch_rates.187.,branch_rates.188.,branch_rates.190.,branch_rates.191.,branch_rates.192.,branch_rates.193.,branch_rates.194.,branch_rates.198.,branch_rates_mean,er.4.,er.7.,psi",1.0015259158916,1.00346700470014,1.00118127764886,1.00014666322684,1.13986913609536,"branch_rates.7.,branch_rates.8.,branch_rates.15.,branch_rates.18.,branch_rates.34.,branch_rates.42.,branch_rates.44.,branch_rates.46.,branch_rates.61.,branch_rates.67.,branch_rates.70.,branch_rates.71.,branch_rates.77.,branch_rates.78.,branch_rates.95.,branch_rates.122.,branch_rates.143.,branch_rates.149.,branch_rates.161.,branch_rates.196.",2.01496511799298,"2021-01-04"
"SUR_optimal_old_early_global_702350",371.631336399307,0.101182517316255,0.526620895706021,0.0704425651633149,0.0356809828209689,0.526620895706021,"Posterior,Likelihood,Prior,age_extant,branch_rates,psi",1.00221676582674,1.00093496416801,1.00113709492794,0.999806157933909,1.00655397186882,"",1.0137875332584,"2021-01-04"
"SUR_optimal_old_early_Uexp_652289",181.266210022073,0.173389581726306,0.822600322236492,0.12518229893494,0.02831926582642,0.822600322236492,"Posterior,Likelihood,age_extant,branch_rates.12.,branch_rates.13.,branch_rates.20.,branch_rates.21.,branch_rates.23.,branch_rates.25.,branch_rates.30.,branch_rates.33.,branch_rates.38.,branch_rates.39.,branch_rates.40.,branch_rates.41.,branch_rates.42.,branch_rates.44.,branch_rates.45.,branch_rates.46.,branch_rates.47.,branch_rates.50.,branch_rates.51.,branch_rates.52.,branch_rates.53.,branch_rates.54.,branch_rates.55.,branch_rates.56.,branch_rates.57.,branch_rates.58.,branch_rates.59.,branch_rates.60.,branch_rates.61.,branch_rates.62.,branch_rates.63.,branch_rates.64.,branch_rates.65.,branch_rates.66.,branch_rates.67.,branch_rates.68.,branch_rates.69.,branch_rates.70.,branch_rates.72.,branch_rates.73.,branch_rates_mean,extinction_rate,origin_time,psi,speciation_rate",1.00114273571504,1.00927728659594,1.00488609067615,0.999719796100285,1.83760010431039,"branch_rates.1.,branch_rates.3.,branch_rates.5.,branch_rates.6.,branch_rates.7.,branch_rates.8.,branch_rates.9.,branch_rates.10.,branch_rates.12.,branch_rates.13.,branch_rates.14.,branch_rates.16.,branch_rates.18.,branch_rates.21.,branch_rates.22.,branch_rates.23.,branch_rates.28.,branch_rates.33.,branch_rates.34.,branch_rates.36.,branch_rates.37.",2.28930468319214,"2021-01-04"
"SUR_prank_new_all_global_946598",1060.65253377327,0.197344314214848,0.156450366379895,0.051024184381012,-0.0148512391779058,0.340742345971936,"Posterior,Prior,age_extant,branch_rates,er.7.,er.10.,er.11.,er.13.",1.0002876645422,1.00234119798609,0.999782440371821,1.00153867064654,1.0117267797021,"",1.02205754071103,"2021-01-04"
"SUR_prank_new_all_Uexp_880406",103.164869051606,0.0544689335477995,0.285836690858283,0.0347240224517371,-0.0027089211025586,0.559083222345799,"age_extant,branch_rates.5.,branch_rates.6.,branch_rates.11.,branch_rates.13.,branch_rates.14.,branch_rates.29.,branch_rates.46.,branch_rates.56.,branch_rates.58.,branch_rates.59.,branch_rates.61.,branch_rates.66.,branch_rates.67.,branch_rates.68.,branch_rates.69.,branch_rates.70.,branch_rates.71.,branch_rates.72.,branch_rates.73.,branch_rates.74.,branch_rates.75.,branch_rates.76.,branch_rates.77.,branch_rates.78.,branch_rates.79.,branch_rates.80.,branch_rates.81.,branch_rates.82.,branch_rates.83.,branch_rates.84.,branch_rates.85.,branch_rates.86.,branch_rates.87.,branch_rates.88.,branch_rates.89.,branch_rates.90.,branch_rates.91.,branch_rates.92.,branch_rates.93.,branch_rates.94.,branch_rates.95.,branch_rates.96.,branch_rates.97.,branch_rates.98.,branch_rates.99.,branch_rates.100.,branch_rates.101.,branch_rates.102.,branch_rates.103.,branch_rates.104.,branch_rates.105.,branch_rates.106.,branch_rates.107.,branch_rates.108.,branch_rates.109.,branch_rates.110.,branch_rates.111.,branch_rates.112.,branch_rates.113.,branch_rates.114.,branch_rates.115.,branch_rates.116.,branch_rates.117.,branch_rates.118.,branch_rates.119.,branch_rates.120.,branch_rates.121.,branch_rates.122.,branch_rates.123.,branch_rates.124.,branch_rates.125.,branch_rates.126.,branch_rates.127.,branch_rates.128.,branch_rates_mean,er.7.,er.10.,er.11.,er.13.,sf.3.",1.00161105940973,1.00952415270038,1.00013435678311,1.00079871682323,1.27067056760153,"branch_rates.8.,branch_rates.14.,branch_rates.15.,branch_rates.27.,branch_rates.35.,branch_rates.52.,branch_rates.56.,branch_rates.61.,branch_rates.80.,branch_rates.85.,branch_rates.106.,branch_rates.112.,branch_rates.117.,branch_rates.118.,branch_rates.124.",1.93975065624815,"2021-01-04"
"SUR_prank_new_early_global_833100",2400.43863862282,0.0123546608334325,0.015623172831281,-0.0129222154560702,-0.00588786408119586,0.0675434790050237,"",1.00116075502364,1.0055946119234,1.00310147299084,0.999941920247461,1.01357310165484,"",1.01582939171458,"2021-01-04"
"SUR_prank_new_early_Uexp_494543",1162.92207973852,0.0528361216789929,0.0314676119213637,0.0213488131893113,0.00196772244913758,0.219800828589111,"branch_rates.26.,branch_rates.27.,branch_rates.28.,branch_rates.30.,branch_rates.31.,branch_rates.32.,branch_rates.34.,branch_rates.35.,branch_rates.37.,branch_rates.38.,branch_rates.39.,branch_rates.40.,branch_rates.41.,branch_rates.42.,branch_rates.43.,branch_rates.44.,branch_rates.45.,er.7.",1.0003313312726,1.00061129143522,1.0025715034466,1.00153917369716,1.39887201058195,"branch_rates.4.,branch_rates.6.,branch_rates.7.,branch_rates.10.,branch_rates.11.,branch_rates.12.,branch_rates.15.,branch_rates.19.,branch_rates.20.,branch_rates.21.,branch_rates.22.",1.99752585603552,"2021-01-04"
"SUR_prank_no.fossils_full.process_global_240843",1157.95307176354,-0.00669115409096714,NA,-0.0119215644022859,0.00980104659026919,0.117092501801161,"extinction_rate",1.00399231931048,NA,1.00281413666522,1.00143033093886,1.00984691889241,"",1.02782160323436,"2021-02-13"
"SUR_prank_no.fossils_full.process_Uexp_793943",1306.32649314184,-0.0483769333154399,NA,-0.00335465166260468,0.0119433116443883,0.0714614022413935,"",1.00133788431627,NA,1.00043326435329,0.99948289041077,1.00788816719801,"",1.03855910845921,"2021-02-13"
"SUR_prank_old_all_global_316161",644.593910826545,0.403149517931025,0.183066198385907,0.153791500018451,-0.0140004578289326,0.591768070533361,"Posterior,Likelihood,Prior,age_extant,branch_rates,er.3.,er.7.,er.8.,er.9.,er.10.,er.13.,origin_time,psi,sf.2.,sf.5.",1.00009172661892,1.00043711157466,0.999921325403822,0.999959158442372,1.02462124106236,"",1.02231362377659,"2021-01-04"
"SUR_prank_old_all_Uexp_405137",109.045748118166,0.102237357404269,0.0293103327265467,0.0589631495216205,-0.00171616369471224,0.337898000890603,"Posterior,Prior,branch_rates.4.,branch_rates.5.,branch_rates.14.,branch_rates.16.,branch_rates.21.,branch_rates.22.,branch_rates.36.,branch_rates.45.,branch_rates.49.,branch_rates.57.,branch_rates.67.,branch_rates.84.,branch_rates.92.,branch_rates.101.,branch_rates.102.,branch_rates.106.,branch_rates.107.,branch_rates.108.,branch_rates.109.,branch_rates.110.,branch_rates.111.,branch_rates.112.,branch_rates.113.,branch_rates.116.,branch_rates.117.,branch_rates.118.,branch_rates.119.,branch_rates.121.,branch_rates.123.,branch_rates.124.,branch_rates.125.,branch_rates.126.,branch_rates.127.,branch_rates.128.,branch_rates.130.,branch_rates.131.,branch_rates.134.,branch_rates.135.,branch_rates.136.,branch_rates.137.,branch_rates.138.,branch_rates.140.,branch_rates.141.,branch_rates.142.,branch_rates.143.,branch_rates.144.,branch_rates.145.,branch_rates.146.,branch_rates.147.,branch_rates.148.,branch_rates.150.,branch_rates.151.,branch_rates.154.,branch_rates.156.,branch_rates.158.,branch_rates.159.,branch_rates.161.,branch_rates.162.,branch_rates.163.,branch_rates.164.,branch_rates.165.,branch_rates.166.,branch_rates.168.,branch_rates.169.,branch_rates.170.,branch_rates.171.,branch_rates.172.,branch_rates.173.,branch_rates.174.,branch_rates.175.,branch_rates.176.,branch_rates.177.,branch_rates.178.,branch_rates.179.,branch_rates.180.,branch_rates.182.,branch_rates.185.,branch_rates.186.,branch_rates.187.,branch_rates.188.,branch_rates.189.,branch_rates.191.,branch_rates.192.,branch_rates.193.,branch_rates.194.,branch_rates.195.,branch_rates.196.,branch_rates.198.,branch_rates_mean,er.3.,er.7.,er.13.,sf.2.,sf.5.,sf.6.",1.00103846310789,1.00075831683574,1.00257126486064,0.999964517833845,1.63993605779847,"branch_rates.5.,branch_rates.7.,branch_rates.13.,branch_rates.16.,branch_rates.22.,branch_rates.25.,branch_rates.26.,branch_rates.36.,branch_rates.41.,branch_rates.44.,branch_rates.46.,branch_rates.47.,branch_rates.49.,branch_rates.52.,branch_rates.65.,branch_rates.67.,branch_rates.75.,branch_rates.79.,branch_rates.81.,branch_rates.82.,branch_rates.84.,branch_rates.85.,branch_rates.92.,branch_rates.93.,branch_rates.105.,branch_rates.112.,branch_rates.118.,branch_rates.119.,branch_rates.124.,branch_rates.131.,branch_rates.139.,branch_rates.142.,branch_rates.147.,branch_rates.149.,branch_rates.153.,branch_rates.158.,branch_rates.166.,branch_rates.177.,branch_rates.179.,branch_rates.182.,branch_rates.185.,branch_rates.188.,branch_rates.189.,branch_rates.190.,branch_rates.192.,branch_rates.195.",3.44790134583241,"2021-01-04"
"SUR_prank_old_early_global_219792",935.114721987806,0.190022823645295,0.242101352976091,0.20621585937386,0.0112701008983268,0.521991997162819,"Posterior,Likelihood,Prior,age_extant,branch_rates,er.8.,er.10.,er.11.,er.13.,extinction_rate,origin_time,psi,speciation_rate",1.00325548075982,1.0107769096526,1.00732354781888,0.999819089321589,1.03428015833707,"",1.02705818836234,"2021-01-04"
"SUR_prank_old_early_Uexp_580101",247.533746175509,0.123053396010029,0.0676985143975381,0.0593173720626705,-0.0115327639577241,0.295709667580444,"Posterior,Likelihood,branch_rates.18.,branch_rates.22.,branch_rates.25.,branch_rates.26.,branch_rates.32.,branch_rates.39.,branch_rates.40.,branch_rates.41.,branch_rates.42.,branch_rates.44.,branch_rates.47.,branch_rates.48.,branch_rates.49.,branch_rates.52.,branch_rates.54.,branch_rates.55.,branch_rates.56.,branch_rates.57.,branch_rates.58.,branch_rates.59.,branch_rates.60.,branch_rates.61.,branch_rates.62.,branch_rates.63.,branch_rates.64.,branch_rates.65.,branch_rates.68.,branch_rates.69.,branch_rates.70.,branch_rates.71.,branch_rates.74.,branch_rates_mean,er.10.,psi",1.00528824635528,1.00470135260876,1.00540636410146,1.00146554523523,1.63921952637205,"branch_rates.2.,branch_rates.4.,branch_rates.5.,branch_rates.8.,branch_rates.9.,branch_rates.10.,branch_rates.11.,branch_rates.14.,branch_rates.15.,branch_rates.16.,branch_rates.17.,branch_rates.18.,branch_rates.20.,branch_rates.21.,branch_rates.22.,branch_rates.24.,branch_rates.25.,branch_rates.27.,branch_rates.29.,branch_rates.30.,branch_rates.33.,branch_rates.34.,branch_rates.37.",2.74295884505286,"2021-01-04"
"TR1_all.equal_new_all_global_822099",2195.25500903562,0.0929349914465903,0.00659099668509558,0.010196787919888,0.00510381484792511,0.113482789849068,"Prior",1.0016820511586,1.00019903177444,1.00193728900264,1.00079443876757,1.00613931636467,"",1.01450351435064,"2021-01-04"
"TR1_all.equal_new_all_Uexp_308744",1009.51008362619,0.0505980226215216,0.0320557344025691,0.00883385173054721,-0.0284286151095554,0.237606866929348,"branch_rates.4.,branch_rates.25.,branch_rates.33.,branch_rates.34.,branch_rates.37.,branch_rates.38.,branch_rates.39.,branch_rates.40.,branch_rates.41.,branch_rates.42.,branch_rates.43.,branch_rates.44.,branch_rates.45.,branch_rates.46.,branch_rates.47.,branch_rates.48.,branch_rates.49.,branch_rates.50.,branch_rates.51.,branch_rates.53.,branch_rates.54.,branch_rates.56.,branch_rates.57.,branch_rates.58.,branch_rates.59.,branch_rates.60.,branch_rates.61.,branch_rates.62.",0.999891290180332,1.00024202225799,1.00151299922078,1.00009126742563,1.1815331345164,"branch_rates.4.,branch_rates.15.,branch_rates.20.,branch_rates.24.",1.32948094578312,"2021-01-04"
"TR1_all.equal_new_early_global_718217",2659.63534402129,-0.0530324308036252,0.0200643688407241,-0.00181823656720633,0.00205655636611352,0.0536814670355713,"",0.999921624078379,0.999876718280135,1.00000547901511,1.00080739223821,1.06808641878147,"rates_song.3.",1.01337812529933,"2021-01-04"
"TR1_all.equal_new_early_Uexp_421346",2526.66371994148,0.0076816194175082,0.00416838636313946,-0.0117061149316794,0.026157407108849,0.0599268240590917,"",1.00099255981602,0.99967451535235,1.00039743308831,1.00011703969059,1.05018612480926,"branch_rates.7.",1.1221242378245,"2021-01-04"
"TR1_all.equal_no.fossils_full.process_global_565962",2649.50403106482,0.0316573086329003,NA,0.0429005520634499,-0.0283892350999788,0.0595295593110617,"",0.999695746394224,NA,1.00174233184608,1.00007765317241,1.01244403259406,"",1.0116657688293,"2021-02-13"
"TR1_all.equal_no.fossils_full.process_Uexp_865217",1438.39217469737,0.00868660416831342,NA,0.267614612287366,0.0246666102837096,0.267614612287366,"origin_time",0.999753574871075,NA,1.00196530309591,1.0013670137378,1.01125459018308,"",1.03427220706008,"2021-02-13"
"TR1_optimal_new_all_global_582585",2552.62442344685,0.0366234837787981,0.0131246200357305,-0.0108789902718346,0.0374257672879857,0.044005022713442,"",1.0027763259951,1.00074241147828,0.999934821278194,1.00014310397915,1.02597740928024,"",1.01177727453417,"2021-01-04"
"TR1_optimal_new_all_Uexp_741725",645.198686639678,-0.00165558936774573,0.034016889565897,0.0127233996557867,0.00193037560421397,0.15534382677476,"branch_rates.33.,branch_rates.34.,branch_rates.36.,branch_rates.40.,branch_rates.42.,branch_rates.45.,branch_rates.50.,branch_rates.53.,branch_rates.56.,branch_rates.59.,branch_rates.61.",1.00036284291005,1.00169708446254,1.00289384137679,1.00363951687526,1.39551548400322,"branch_rates.1.,branch_rates.2.,branch_rates.8.,branch_rates.13.,branch_rates.15.,branch_rates.19.,branch_rates.22.,branch_rates.25.,branch_rates.26.,branch_rates.40.,branch_rates.41.,branch_rates.51.,branch_rates.60.",1.63420043525408,"2021-01-04"
"TR1_optimal_new_early_global_867227",2755.56545969939,0.0274101133926921,0.0267283172326439,0.0509394836121835,-0.0372775510107214,0.0509394836121835,"",0.999841618288317,0.999974870251026,1.00082429778885,1.00006680244133,1.01173745409272,"",1.01179049649842,"2021-01-04"
"TR1_optimal_new_early_Uexp_161419",2065.86332511368,0.0401774448038563,0.0387521004246759,0.0121957862587038,-0.00224171795422327,0.183104193285397,"branch_rates.6.",0.999852028237672,1.00572305893086,1.00144664472577,1.00001626088965,1.66160434219012,"branch_rates.2.,branch_rates.5.,branch_rates.6.,branch_rates.9.,branch_rates.10.,branch_rates.11.",1.53142534123139,"2021-01-04"
"TR1_optimal_no.fossils_full.process_global_861399",2566.63382783373,0.0392719481708651,NA,0.0285816845190248,0.0370668987152767,0.047733854717937,"",1.00024513928448,NA,1.00120808948955,1.00033319228294,1.0036173327686,"",1.00986459980834,"2021-02-13"
"TR1_optimal_no.fossils_full.process_Uexp_889861",1587.69293742272,0.105785540088159,NA,0.545961914998361,0.0150232808313576,0.545961914998361,"Posterior,Prior,origin_time",0.999762291879529,NA,1.00061980437118,0.999812809653219,1.02316373712097,"",1.04166325525583,"2021-02-13"
"TR1_prank_new_all_global_431736",2611.92072346492,0.0837771031116028,0.00281011288798051,0.0166797128016966,-0.00163876788985977,0.0837771031116028,"",1.00006106740521,0.999743531019672,0.999696065075864,1.00013476799675,1.00631538466161,"",1.0161097605362,"2021-01-04"
"TR1_prank_new_all_Uexp_586149",474.508816940711,-0.043199678432104,-0.0159779048636899,-0.0243786949566972,-0.035044709362898,0.239668077541471,"branch_rates.33.,branch_rates.34.,branch_rates.35.,branch_rates.36.,branch_rates.37.,branch_rates.38.,branch_rates.39.,branch_rates.40.,branch_rates.41.,branch_rates.42.,branch_rates.43.,branch_rates.44.,branch_rates.45.,branch_rates.46.,branch_rates.47.,branch_rates.48.,branch_rates.49.,branch_rates.50.,branch_rates.51.,branch_rates.52.,branch_rates.53.,branch_rates.54.,branch_rates.55.,branch_rates.56.,branch_rates.57.,branch_rates.58.,branch_rates.59.,branch_rates.60.,branch_rates.61.,branch_rates.62.",1.00021615787226,1.0001328904391,0.999913179816122,0.999710819386466,1.31902966489109,"branch_rates.1.,branch_rates.2.,branch_rates.4.,branch_rates.5.,branch_rates.6.,branch_rates.7.,branch_rates.8.,branch_rates.10.,branch_rates.11.,branch_rates.12.,branch_rates.13.,branch_rates.14.,branch_rates.15.,branch_rates.16.,branch_rates.19.,branch_rates.20.,branch_rates.21.,branch_rates.23.,branch_rates.24.,branch_rates.25.,branch_rates.32.,branch_rates.35.,branch_rates.42.,branch_rates.61.,rates_song.3.",2.30718743069736,"2021-01-04"
"TR1_prank_new_early_global_788624",2534.50449887784,-0.0200931564365718,-0.0142092535678845,-0.0435088983797657,-0.00861415716254016,0.0484188517865542,"",0.999953044321583,1.00149643854588,1.00178121588218,1.00002310380797,1.00649511871415,"",1.01548811217716,"2021-01-04"
"TR1_prank_new_early_Uexp_151898",2531.82523829863,0.00105246931566492,-0.0452749412994957,-0.00450426905439648,-0.0212911642513909,0.0712443202381365,"",0.999948731960711,1.00073379352159,1.0011385862593,1.00066460561926,1.49937728791254,"branch_rates.1.,branch_rates.3.,branch_rates.4.,branch_rates.5.,branch_rates.6.,branch_rates.7.,branch_rates.9.,branch_rates.10.,branch_rates.11.,branch_rates.12.",1.97388482045789,"2021-01-04"
"TR1_prank_no.fossils_full.process_global_899895",2709.76227008138,-0.00709756388917811,NA,-0.00588701590519786,0.0272099590419383,0.0690487094728294,"",1.00125616185451,NA,1.00003766834516,1.00243728125744,1.01251182297098,"",1.01453263873626,"2021-02-13"
"TR1_prank_no.fossils_full.process_Uexp_727979",2324.5794680266,0.0159495205284597,NA,0.0394780345186881,0.0346820958380534,0.0514152894219387,"",0.999975684519208,NA,1.00009816261195,1.00258959819503,1.01061483886226,"",1.03305168796166,"2021-02-13"
