Number Invariant Sites,Number Invariant Sites Excluding Ambiguous,Max Invariant Block Length,Max Invariant Block Length Excluding Ambiguous,Max Pairwise Difference,Max Pairwise Difference Excluding Ambiguous,Max Variable Block Length,Max Variable Block Length Excluding Ambiguous,Min Pairwise Difference,Min Pairwise Difference Excluding Ambiguous,Number Invariable Block,Number Invariable Block Excluding Ambiguous,Segregating-Sites,Theta,Tajima-D,Tajima-Pi
3,28,1,12,8,35,18,3,0,1,3,7,35,0.4421053,-6.653038,0.05
6,31,3,18,6,31,28,2,0,0,4,7,32,0.4042105,-6.561351,0.05
2,26,1,5,7,36,35,2,0,4,2,10,36,0.4547368,-6.54997,0.05789474
2,34,1,27,3,36,18,3,0,1,2,3,36,0.4547368,-7.158058,0.02105263
1,19,1,5,13,37,19,4,1,1,1,7,37,0.4673684,-5.86041,0.1026316
1,28,1,19,9,37,19,4,0,0,1,4,37,0.4673684,-6.494654,0.06315789
2,25,1,7,9,36,19,3,1,3,2,9,36,0.4547368,-6.072187,0.08684211
5,32,2,13,4,32,11,2,0,2,4,5,33,0.4168421,-6.782927,0.03947368
1,36,1,26,2,37,19,1,0,0,1,2,37,0.4673684,-7.298029,0.01315789
2,30,1,20,6,36,18,4,0,0,2,5,36,0.4547368,-6.810579,0.04210526
4,31,1,13,3,34,18,2,0,2,4,6,34,0.4294737,-6.991737,0.02894737
3,30,1,19,7,35,17,2,0,0,3,7,35,0.4421053,-6.519084,0.05789474
1,34,1,20,4,37,19,2,0,0,1,3,37,0.4673684,-6.8752,0.03947368
2,35,1,25,3,36,18,2,0,0,2,3,36,0.4547368,-7.244927,0.01578947
1,27,1,14,8,37,19,6,0,2,1,6,37,0.4673684,-6.452371,0.06578947
1,28,1,8,6,37,37,3,0,3,1,8,37,0.4673684,-6.579219,0.05789474
1,26,1,18,11,35,26,5,0,0,1,5,37,0.4673684,-6.240956,0.07894737
2,30,1,13,5,36,18,2,0,2,2,8,36,0.4547368,-6.897449,0.03684211
2,28,1,12,8,36,19,2,0,2,2,6,36,0.4547368,-6.332796,0.07105263
1,24,1,5,8,37,37,2,0,0,1,10,37,0.4673684,-6.283239,0.07631579
2,21,1,18,16,35,28,12,0,0,2,4,36,0.4547368,-5.724709,0.1078947
2,28,1,15,6,34,23,3,0,1,2,5,36,0.4547368,-6.680275,0.05
1,27,1,18,9,37,37,6,0,0,1,6,37,0.4673684,-6.410088,0.06842105
2,36,1,25,2,36,18,1,0,0,2,3,36,0.4547368,-7.288362,0.01315789
2,28,1,9,5,36,30,3,0,2,2,9,36,0.4547368,-6.723709,0.04736842
1,28,1,17,7,37,37,3,1,1,1,6,37,0.4673684,-6.494654,0.06315789
2,25,1,5,8,36,20,2,0,3,2,10,36,0.4547368,-6.376231,0.06842105
1,26,1,9,7,36,19,2,0,3,1,9,37,0.4673684,-6.621502,0.05526316
5,29,1,11,5,33,13,2,0,3,5,7,33,0.4168421,-6.735627,0.04210526
1,23,1,5,9,36,19,3,0,3,1,9,37,0.4673684,-6.367805,0.07105263
1,22,1,6,9,36,22,4,0,0,1,9,37,0.4673684,-6.240956,0.07894737
2,35,1,11,2,36,18,1,0,0,2,4,36,0.4547368,-7.288362,0.01315789
1,28,1,8,6,37,32,3,2,2,1,8,37,0.4673684,-6.325522,0.07368421
0,30,0,10,5,38,38,2,0,3,0,6,38,0.48,-6.606959,0.05789474
0,30,0,6,5,38,38,2,0,2,0,7,38,0.48,-6.648149,0.05526316
2,36,1,25,2,36,19,1,0,0,2,2,36,0.4547368,-7.027753,0.02894737
0,31,0,10,6,38,38,2,0,1,0,6,38,0.48,-6.68934,0.05263158
3,31,1,23,6,35,19,3,0,0,3,3,35,0.4421053,-6.786992,0.04210526
2,31,1,20,6,36,18,2,0,1,2,6,36,0.4547368,-6.897449,0.03684211
1,18,1,5,11,36,19,5,0,1,1,8,37,0.4673684,-6.15639,0.08421053
2,36,1,29,2,36,18,1,0,0,2,3,36,0.4547368,-7.331797,0.01052632
3,30,2,19,6,35,18,2,0,1,2,6,35,0.4421053,-6.474433,0.06052632
0,25,0,5,7,38,38,3,1,5,0,7,38,0.48,-6.236244,0.08157895
2,28,1,13,6,36,26,2,0,3,2,8,36,0.4547368,-6.54997,0.05789474
1,28,1,8,5,35,20,3,0,2,1,6,37,0.4673684,-6.621502,0.05526316
1,32,1,19,5,37,19,2,0,0,1,5,37,0.4673684,-6.917483,0.03684211
3,37,1,21,1,35,18,1,0,0,3,2,35,0.4421053,-7.41211,0.005263158
1,28,1,9,6,37,37,3,0,1,1,9,37,0.4673684,-6.748351,0.04736842
3,28,1,19,9,35,19,4,0,0,3,6,35,0.4421053,-6.295828,0.07105263
1,27,1,13,7,36,19,4,0,1,1,5,37,0.4673684,-6.494654,0.06315789
2,28,1,12,8,36,18,3,0,2,2,6,36,0.4547368,-6.63684,0.05263158
1,26,1,11,9,37,24,3,0,2,1,6,37,0.4673684,-6.283239,0.07631579
3,27,1,13,9,34,11,4,0,1,3,7,35,0.4421053,-6.385131,0.06578947
3,28,1,9,8,35,22,2,1,2,3,10,35,0.4421053,-6.385131,0.06578947
3,29,1,16,7,35,18,2,0,1,3,9,35,0.4421053,-6.742341,0.04473684
0,24,0,7,7,37,38,2,1,5,0,9,38,0.48,-6.195054,0.08421053
2,30,1,7,4,36,18,1,0,2,2,9,36,0.4547368,-6.940883,0.03421053
2,26,1,8,5,36,18,2,0,4,2,11,36,0.4547368,-6.680275,0.05
6,34,1,22,4,32,11,2,0,0,6,4,32,0.4042105,-7.048821,0.02368421
2,31,1,15,5,36,19,2,1,1,2,5,36,0.4547368,-6.723709,0.04736842
3,34,1,22,4,35,18,2,0,0,3,4,35,0.4421053,-7.144202,0.02105263
3,31,1,12,5,34,18,1,0,1,3,7,35,0.4421053,-6.965597,0.03157895
0,29,0,11,5,36,38,2,0,0,0,7,38,0.48,-6.648149,0.05526316
1,30,1,9,4,37,25,1,1,1,1,8,37,0.4673684,-6.579219,0.05789474
4,35,1,20,3,34,11,1,0,0,4,4,34,0.4294737,-7.221426,0.01578947
1,34,1,26,4,37,19,1,0,1,1,4,37,0.4673684,-6.959765,0.03421053
2,38,1,38,0,36,18,0,0,0,2,1,36,0.4547368,-7.505536,0
2,32,1,12,4,36,18,2,0,2,2,6,36,0.4547368,-7.027753,0.02894737
1,18,1,6,14,37,21,9,0,6,1,7,37,0.4673684,-5.606713,0.1184211
4,25,1,18,10,33,26,5,0,0,4,6,34,0.4294737,-6.072981,0.08157895
1,31,1,22,7,36,19,3,0,0,1,5,37,0.4673684,-6.748351,0.04736842
1,29,1,13,8,36,26,2,0,1,1,7,37,0.4673684,-6.579219,0.05789474
5,26,2,13,10,32,26,3,0,2,4,10,33,0.4168421,-6.30992,0.06578947
1,28,1,13,7,36,37,2,0,2,1,8,37,0.4673684,-6.748351,0.04736842
0,28,0,12,8,37,38,3,0,0,0,7,38,0.48,-6.483387,0.06578947
5,32,1,11,4,33,12,2,0,2,5,6,33,0.4168421,-6.97213,0.02894737
2,25,1,7,8,36,18,3,0,3,2,9,36,0.4547368,-6.723709,0.04736842
4,34,1,20,4,34,11,1,0,0,4,5,34,0.4294737,-7.083613,0.02368421
1,23,1,18,15,37,37,6,0,0,1,5,37,0.4673684,-5.902693,0.1
3,30,1,10,6,35,18,2,0,2,3,8,35,0.4421053,-6.742341,0.04473684
0,26,0,9,9,38,38,3,1,2,0,6,38,0.48,-6.112673,0.08947368
1,20,1,6,13,37,19,5,0,5,1,10,37,0.4673684,-5.775844,0.1078947
1,30,1,18,7,37,27,1,0,0,1,8,37,0.4673684,-6.452371,0.06578947
0,24,0,4,8,36,38,3,0,5,0,10,38,0.48,-6.277435,0.07894737
3,32,1,13,4,35,18,2,0,1,3,6,35,0.4421053,-7.144202,0.02105263
0,24,0,6,11,37,38,4,0,2,0,7,38,0.48,-6.195054,0.08421053
0,26,0,9,7,38,38,3,0,4,0,9,38,0.48,-6.277435,0.07894737
1,23,1,8,12,37,30,3,0,2,1,9,37,0.4673684,-5.987259,0.09473684
4,33,1,26,4,34,18,2,0,0,4,5,34,0.4294737,-7.037675,0.02631579
4,31,2,11,6,34,18,3,0,1,3,6,34,0.4294737,-6.807986,0.03947368
2,32,1,16,5,36,18,1,0,0,2,6,36,0.4547368,-7.201492,0.01842105
0,30,0,15,4,37,38,3,1,2,0,5,38,0.48,-6.648149,0.05526316
0,27,0,13,7,37,38,3,2,2,0,7,38,0.48,-6.236244,0.08157895
2,29,1,8,5,36,18,2,0,0,2,8,36,0.4547368,-6.897449,0.03684211
1,25,1,13,9,36,37,6,0,1,1,7,37,0.4673684,-6.367805,0.07105263
3,29,1,15,7,35,18,2,0,1,3,8,35,0.4421053,-6.608387,0.05263158
4,25,2,6,7,34,17,3,0,2,3,9,34,0.4294737,-6.532359,0.05526316
1,27,1,14,10,36,37,3,1,2,1,10,37,0.4673684,-6.283239,0.07631579
2,26,1,7,7,36,18,4,0,0,2,7,36,0.4547368,-6.680275,0.05
2,31,1,17,4,36,18,2,0,0,2,6,36,0.4547368,-7.027753,0.02894737
3,25,1,6,10,34,20,3,0,1,3,11,35,0.4421053,-6.385131,0.06578947
2,31,1,10,4,36,17,2,0,0,2,6,36,0.4547368,-6.854014,0.03947368
2,29,1,8,5,36,18,2,0,2,2,8,36,0.4547368,-6.810579,0.04210526
0,23,0,10,9,36,38,5,0,4,0,8,38,0.48,-6.236244,0.08157895
1,27,1,12,8,37,19,3,0,1,1,9,37,0.4673684,-6.706068,0.05
3,29,1,9,7,35,18,2,0,2,3,9,35,0.4421053,-6.69769,0.04736842
1,28,1,11,7,37,22,3,0,3,1,6,37,0.4673684,-6.367805,0.07105263
1,34,1,18,4,37,37,2,0,0,1,4,37,0.4673684,-7.002048,0.03157895
0,22,0,10,12,37,38,5,1,3,0,7,38,0.48,-6.030292,0.09473684
5,25,4,10,10,33,20,3,1,2,2,9,33,0.4168421,-5.836912,0.09210526
1,23,1,5,8,36,37,4,0,2,1,10,37,0.4673684,-6.452371,0.06578947
5,32,1,20,5,32,9,1,0,0,5,7,33,0.4168421,-6.877529,0.03421053
1,27,1,8,8,37,37,5,1,2,1,7,37,0.4673684,-6.410088,0.06842105
3,33,2,13,3,35,18,1,0,1,2,6,35,0.4421053,-7.144202,0.02105263
2,29,1,19,9,36,18,2,0,0,2,7,36,0.4547368,-6.63684,0.05263158
3,34,1,11,2,34,18,1,0,0,3,5,35,0.4421053,-7.233505,0.01578947
2,32,1,13,4,35,18,2,0,2,2,6,36,0.4547368,-7.027753,0.02894737
2,27,1,10,8,36,19,2,0,2,2,10,36,0.4547368,-6.506535,0.06052632
1,28,1,8,7,37,37,2,0,3,1,9,37,0.4673684,-6.663785,0.05263158
1,28,1,12,7,37,37,3,0,2,1,7,37,0.4673684,-6.621502,0.05526316
4,34,2,25,4,34,18,2,0,0,3,4,34,0.4294737,-7.129551,0.02105263
3,29,1,16,7,35,18,2,0,1,3,9,35,0.4421053,-6.742341,0.04473684
0,30,0,18,7,38,38,1,0,0,0,8,38,0.48,-6.648149,0.05526316
0,23,0,18,12,36,38,5,0,0,0,6,38,0.48,-5.947911,0.1
0,23,0,5,8,38,38,2,0,4,0,12,38,0.48,-6.277435,0.07894737
3,35,1,34,3,35,18,3,0,0,3,2,35,0.4421053,-7.233505,0.01578947
1,26,1,17,10,36,31,4,1,1,1,6,37,0.4673684,-6.240956,0.07894737
2,33,1,10,4,36,18,2,0,0,2,5,36,0.4547368,-7.114623,0.02368421
3,30,2,6,5,35,18,2,0,3,2,7,35,0.4421053,-6.831643,0.03947368
1,30,1,10,6,37,19,2,0,2,1,7,37,0.4673684,-6.706068,0.05
1,28,1,18,10,36,37,4,0,0,1,7,37,0.4673684,-6.367805,0.07105263
1,24,1,7,8,37,37,6,0,4,1,7,37,0.4673684,-6.367805,0.07105263
4,34,1,12,2,34,18,1,0,1,4,5,34,0.4294737,-7.221426,0.01578947
1,32,1,13,5,37,37,2,0,1,1,6,37,0.4673684,-6.959765,0.03421053
5,27,2,17,7,33,19,3,0,2,4,7,33,0.4168421,-6.404521,0.06052632
2,19,1,12,14,34,29,10,0,3,2,4,36,0.4547368,-5.637839,0.1131579
1,26,1,12,8,37,37,4,0,1,1,6,37,0.4673684,-6.748351,0.04736842
4,31,1,12,5,34,16,3,0,2,4,5,34,0.4294737,-6.899862,0.03421053
2,28,1,17,8,36,19,2,0,1,2,7,36,0.4547368,-6.419666,0.06578947
1,29,1,7,7,37,19,2,0,3,1,8,37,0.4673684,-6.494654,0.06315789
2,27,1,19,9,36,18,6,0,0,2,5,36,0.4547368,-6.54997,0.05789474
3,34,2,17,2,35,18,1,0,1,2,5,35,0.4421053,-7.233505,0.01578947
4,27,1,8,7,34,18,3,0,2,4,10,34,0.4294737,-6.670172,0.04736842
1,28,1,21,10,37,19,3,0,0,1,4,37,0.4673684,-6.536936,0.06052632
4,36,1,23,2,34,18,1,0,0,4,3,34,0.4294737,-7.267364,0.01315789
1,28,1,5,7,36,37,2,0,1,1,9,37,0.4673684,-6.663785,0.05263158
2,26,1,14,9,35,18,4,0,2,2,8,36,0.4547368,-6.506535,0.06052632
1,25,1,14,12,34,28,4,0,0,1,9,37,0.4673684,-6.283239,0.07631579
2,26,1,8,9,36,18,2,0,2,2,10,36,0.4547368,-6.54997,0.05789474
3,32,1,16,3,35,18,3,0,2,3,4,35,0.4421053,-7.0549,0.02631579
0,28,0,15,6,37,38,2,0,2,0,8,38,0.48,-6.524578,0.06315789
0,29,0,18,9,37,38,4,0,0,0,6,38,0.48,-6.524578,0.06315789
1,31,1,15,5,37,19,2,1,1,1,6,37,0.4673684,-6.706068,0.05
2,30,1,8,4,36,18,1,0,3,2,8,36,0.4547368,-6.940883,0.03421053
2,27,1,8,9,36,18,4,0,2,2,8,36,0.4547368,-6.54997,0.05789474
6,31,2,16,5,32,17,3,0,1,4,5,32,0.4042105,-6.805086,0.03684211
0,14,0,3,14,38,38,9,1,4,0,9,38,0.48,-5.412434,0.1342105
1,25,1,9,11,37,37,8,1,2,1,7,37,0.4673684,-6.198673,0.08157895
3,28,1,8,7,33,15,2,0,0,3,6,35,0.4421053,-6.653038,0.05
2,26,1,18,10,35,33,4,0,0,2,8,36,0.4547368,-6.332796,0.07105263
0,23,0,18,14,37,38,7,0,0,0,5,38,0.48,-6.030292,0.09473684
2,30,1,10,5,36,19,2,0,3,2,7,36,0.4547368,-6.593405,0.05526316
2,31,1,19,6,36,18,3,0,1,2,5,36,0.4547368,-6.854014,0.03947368
3,32,1,18,5,35,25,2,0,0,3,6,35,0.4421053,-6.742341,0.04473684
1,34,1,18,4,37,37,1,0,0,1,5,37,0.4673684,-6.8752,0.03947368
2,31,1,14,6,36,18,2,0,1,2,7,36,0.4547368,-6.940883,0.03421053
3,28,1,12,7,35,18,2,0,2,3,7,35,0.4421053,-6.69769,0.04736842
2,26,1,6,7,36,24,2,1,3,2,10,36,0.4547368,-6.376231,0.06842105
0,16,0,2,12,38,38,4,0,5,0,13,38,0.48,-5.618387,0.1210526
1,27,1,15,8,37,19,3,1,1,1,7,37,0.4673684,-6.283239,0.07631579
5,26,2,12,10,33,13,3,0,2,4,6,33,0.4168421,-6.168018,0.07368421
1,28,1,16,9,37,37,3,1,1,1,7,37,0.4673684,-6.410088,0.06842105
1,22,1,16,13,37,35,8,0,2,1,5,37,0.4673684,-5.691278,0.1131579
1,32,1,19,5,37,19,1,0,1,1,6,37,0.4673684,-6.959765,0.03421053
3,34,1,17,3,35,18,1,0,1,3,5,35,0.4421053,-7.188853,0.01842105
2,26,1,7,6,36,19,3,0,4,2,9,36,0.4547368,-6.54997,0.05789474
4,30,1,21,7,34,16,5,0,0,4,5,34,0.4294737,-6.762048,0.04210526
3,30,1,12,5,35,18,2,0,1,3,8,35,0.4421053,-6.920946,0.03421053
0,31,0,18,6,38,38,2,0,0,0,5,38,0.48,-6.524578,0.06315789
2,30,1,17,7,36,18,3,0,1,2,6,36,0.4547368,-6.810579,0.04210526
2,33,1,14,4,36,23,1,1,1,2,6,36,0.4547368,-6.897449,0.03684211
0,21,0,6,9,37,38,4,0,2,0,10,38,0.48,-6.153863,0.08684211
5,33,2,15,3,33,12,1,0,0,4,6,33,0.4168421,-7.161333,0.01842105
3,34,2,15,2,35,19,1,1,1,2,4,35,0.4421053,-6.965597,0.03157895
1,29,1,9,6,37,37,2,0,2,1,8,37,0.4673684,-6.8752,0.03947368
1,26,1,13,8,37,19,2,0,3,1,8,37,0.4673684,-6.410088,0.06842105
2,30,1,9,6,36,18,2,0,2,2,8,36,0.4547368,-6.897449,0.03684211
5,31,1,13,5,33,11,2,0,2,5,6,33,0.4168421,-6.92483,0.03157895
3,31,1,10,6,35,18,2,0,1,3,6,35,0.4421053,-6.876295,0.03684211
0,25,0,10,9,38,38,4,1,2,0,8,38,0.48,-6.153863,0.08684211
5,29,1,9,5,33,10,2,1,2,5,8,33,0.4168421,-6.451822,0.05789474
3,28,1,13,7,34,18,3,0,2,3,6,35,0.4421053,-6.69769,0.04736842
0,31,0,13,6,38,38,1,1,1,0,7,38,0.48,-6.648149,0.05526316
2,28,1,7,6,36,18,2,0,2,2,9,36,0.4547368,-6.810579,0.04210526
2,31,1,8,3,36,18,1,0,3,2,8,36,0.4547368,-6.984318,0.03157895
3,27,1,7,8,35,31,3,0,3,3,8,35,0.4421053,-6.385131,0.06578947
2,23,1,18,12,35,25,5,0,0,2,6,36,0.4547368,-5.985318,0.09210526
0,29,0,8,5,37,38,3,0,2,0,7,38,0.48,-6.606959,0.05789474
3,30,1,18,8,35,16,2,0,0,3,6,35,0.4421053,-6.474433,0.06052632
1,31,1,9,5,36,19,2,0,2,1,6,37,0.4673684,-6.748351,0.04736842
5,30,2,19,8,33,15,2,0,0,4,6,33,0.4168421,-6.641025,0.04736842
1,27,1,9,10,37,19,3,0,2,1,7,37,0.4673684,-6.367805,0.07105263
1,31,1,10,6,37,19,2,1,1,1,6,37,0.4673684,-6.706068,0.05
1,32,1,9,4,37,21,2,0,1,1,5,37,0.4673684,-6.917483,0.03684211
1,28,1,6,6,37,37,3,0,3,1,9,37,0.4673684,-6.663785,0.05263158
4,33,1,21,5,34,18,1,0,0,4,6,34,0.4294737,-7.037675,0.02631579
1,26,1,15,9,37,19,5,0,1,1,6,37,0.4673684,-6.325522,0.07368421
3,29,1,10,7,35,18,3,0,1,3,7,35,0.4421053,-6.653038,0.05
4,27,2,22,9,34,19,6,0,0,3,3,34,0.4294737,-6.30267,0.06842105
2,27,1,18,8,36,20,4,0,1,2,7,36,0.4547368,-6.4631,0.06315789
1,34,1,18,3,37,37,1,0,0,1,5,37,0.4673684,-7.002048,0.03157895
3,26,1,18,12,35,27,5,0,0,3,7,35,0.4421053,-5.983269,0.08947368
1,24,1,5,9,37,27,5,0,4,1,9,37,0.4673684,-6.198673,0.08157895
2,29,1,19,8,36,18,3,0,1,2,7,36,0.4547368,-6.767144,0.04473684
2,33,1,14,3,36,18,1,0,2,2,6,36,0.4547368,-7.114623,0.02368421
1,27,1,8,6,36,19,4,0,3,1,6,37,0.4673684,-6.621502,0.05526316
1,19,1,6,10,37,37,6,1,7,1,9,37,0.4673684,-5.944976,0.09736842
2,27,1,8,8,36,28,3,0,0,2,8,36,0.4547368,-6.593405,0.05526316
0,30,0,10,7,38,38,2,0,0,0,7,38,0.48,-6.565768,0.06052632
2,22,1,12,12,34,19,4,1,4,2,7,36,0.4547368,-5.855013,0.1
3,30,1,14,4,35,24,1,1,2,3,8,35,0.4421053,-6.519084,0.05789474
1,24,1,11,8,36,19,4,0,0,1,9,37,0.4673684,-6.452371,0.06578947
5,31,1,8,4,32,13,2,1,1,5,7,33,0.4168421,-6.641025,0.04736842
6,29,2,13,5,31,18,2,0,2,5,6,32,0.4042105,-6.805086,0.03684211
4,26,2,15,9,34,22,6,0,1,3,7,34,0.4294737,-6.256732,0.07105263
1,27,1,7,6,37,33,2,2,3,1,10,37,0.4673684,-6.198673,0.08157895
0,21,0,10,13,37,38,4,1,3,0,8,38,0.48,-5.824339,0.1078947
1,29,1,14,6,37,37,3,0,2,1,7,37,0.4673684,-6.706068,0.05
1,26,1,6,7,36,24,2,0,4,1,9,37,0.4673684,-6.410088,0.06842105
2,33,1,10,4,36,18,1,0,1,2,6,36,0.4547368,-7.071188,0.02631579
1,22,1,11,11,37,19,6,0,4,1,7,37,0.4673684,-6.240956,0.07894737
2,31,1,18,6,36,34,2,0,0,2,7,36,0.4547368,-6.810579,0.04210526
4,35,2,14,2,34,17,1,0,1,3,4,34,0.4294737,-7.267364,0.01315789
0,29,0,11,7,37,38,2,0,1,0,7,38,0.48,-6.648149,0.05526316
2,30,1,18,7,35,15,3,0,0,2,5,36,0.4547368,-6.63684,0.05263158
1,29,1,16,8,36,19,4,0,1,1,5,37,0.4673684,-6.663785,0.05263158
0,29,0,11,7,38,38,2,0,2,0,8,38,0.48,-6.68934,0.05263158
2,29,1,11,6,36,18,2,0,0,2,7,36,0.4547368,-6.984318,0.03157895
2,33,1,14,3,36,23,2,0,1,2,5,36,0.4547368,-7.071188,0.02631579
1,28,1,18,7,37,20,3,0,0,1,7,37,0.4673684,-6.198673,0.08157895
6,28,2,21,9,32,12,4,0,0,5,5,32,0.4042105,-6.171375,0.07105263
5,30,1,10,5,33,21,3,0,2,5,7,33,0.4168421,-6.641025,0.04736842
0,24,0,10,6,38,38,3,2,2,0,8,38,0.48,-6.277435,0.07894737
4,29,1,7,5,34,11,2,0,2,4,8,34,0.4294737,-6.762048,0.04210526
2,33,1,13,3,36,19,1,0,0,2,5,36,0.4547368,-7.071188,0.02631579
3,31,1,10,4,35,18,1,0,1,3,8,35,0.4421053,-7.0549,0.02631579
2,30,1,16,5,36,19,2,0,3,2,7,36,0.4547368,-6.767144,0.04473684
1,32,1,18,5,37,23,2,0,0,1,5,37,0.4673684,-6.621502,0.05526316
1,32,1,12,3,37,37,1,0,2,1,6,37,0.4673684,-6.917483,0.03684211
1,28,1,11,8,37,19,3,0,1,1,7,37,0.4673684,-6.621502,0.05526316
1,24,1,6,7,37,19,3,0,5,1,9,37,0.4673684,-6.367805,0.07105263
0,30,0,18,7,38,38,4,0,0,0,5,38,0.48,-6.483387,0.06578947
2,30,1,6,4,36,18,1,0,3,2,9,36,0.4547368,-6.897449,0.03684211
2,30,1,13,6,36,18,3,0,1,2,6,36,0.4547368,-6.767144,0.04473684
1,27,1,18,10,36,20,4,1,1,1,5,37,0.4673684,-6.029542,0.09210526
3,31,1,14,5,34,19,2,0,2,3,5,35,0.4421053,-6.786992,0.04210526
2,31,1,8,5,36,18,2,0,2,2,7,36,0.4547368,-6.940883,0.03421053
1,24,1,8,10,37,19,3,0,1,1,8,37,0.4673684,-6.621502,0.05526316
0,25,0,16,11,38,38,4,1,1,0,7,38,0.48,-5.947911,0.1
0,28,0,8,6,37,38,2,0,0,0,8,38,0.48,-6.606959,0.05789474
0,25,0,6,6,38,38,2,0,4,0,11,38,0.48,-6.401006,0.07105263
0,22,0,6,12,38,38,4,0,4,0,8,38,0.48,-5.824339,0.1078947
0,26,0,9,8,38,38,4,2,2,0,6,38,0.48,-6.195054,0.08421053
2,34,1,13,3,36,18,3,0,0,2,3,36,0.4547368,-7.288362,0.01315789
1,31,1,18,6,37,37,2,0,0,1,6,37,0.4673684,-6.748351,0.04736842
0,31,0,18,5,38,38,3,1,1,0,4,38,0.48,-6.648149,0.05526316
1,23,1,6,9,37,37,2,0,5,1,12,37,0.4673684,-6.15639,0.08421053
0,27,0,9,8,38,38,4,1,4,0,7,38,0.48,-6.153863,0.08684211
4,34,1,27,4,34,11,2,0,0,4,3,34,0.4294737,-7.313302,0.01052632
2,32,1,18,6,35,20,2,0,0,2,5,36,0.4547368,-6.897449,0.03684211
3,33,1,14,3,34,24,1,0,0,3,6,35,0.4421053,-6.965597,0.03157895
2,31,1,18,4,35,18,4,0,2,2,4,36,0.4547368,-6.984318,0.03157895
7,27,2,10,9,30,11,6,0,1,6,5,31,0.3915789,-6.074377,0.07368421
2,33,1,24,4,36,18,2,0,0,2,5,36,0.4547368,-7.071188,0.02631579
0,31,0,9,6,38,38,1,0,1,0,7,38,0.48,-6.73053,0.05
4,27,1,11,9,33,24,2,0,1,4,10,34,0.4294737,-6.348608,0.06578947
2,28,1,18,10,35,22,3,0,0,2,7,36,0.4547368,-6.419666,0.06578947
2,31,1,9,5,36,22,2,1,1,2,7,36,0.4547368,-6.680275,0.05
2,34,1,11,3,36,18,1,0,1,2,5,36,0.4547368,-7.201492,0.01842105
7,30,2,18,8,31,14,2,0,0,6,6,31,0.3915789,-6.476654,0.05263158
2,32,1,11,4,36,18,1,0,2,2,6,36,0.4547368,-7.071188,0.02631579
2,30,1,6,5,36,18,2,0,1,2,7,36,0.4547368,-6.897449,0.03684211
0,30,0,7,5,38,38,2,0,0,0,7,38,0.48,-6.524578,0.06315789
3,28,1,14,6,33,24,2,0,2,3,9,35,0.4421053,-6.608387,0.05263158
2,26,1,10,10,35,19,3,0,3,2,6,36,0.4547368,-6.289361,0.07368421
1,29,1,8,6,36,24,2,1,3,1,7,37,0.4673684,-6.410088,0.06842105
2,28,2,21,9,36,19,3,0,0,1,6,36,0.4547368,-6.376231,0.06842105
2,27,1,10,5,34,22,3,0,4,2,8,36,0.4547368,-6.506535,0.06052632
2,23,1,14,11,36,18,6,0,3,2,5,36,0.4547368,-6.245926,0.07631579
3,30,1,9,6,35,18,2,0,2,3,7,35,0.4421053,-6.786992,0.04210526
2,30,1,19,6,36,18,3,0,0,2,6,36,0.4547368,-6.767144,0.04473684
1,29,1,21,9,37,19,3,0,0,1,6,37,0.4673684,-6.579219,0.05789474
4,33,2,19,4,34,17,2,0,0,3,5,34,0.4294737,-7.037675,0.02631579
1,26,1,20,12,37,19,3,0,0,1,6,37,0.4673684,-6.198673,0.08157895
1,29,1,23,8,37,19,2,0,0,1,6,37,0.4673684,-6.579219,0.05789474
3,25,2,9,9,35,18,3,1,4,2,9,35,0.4421053,-6.072572,0.08421053
1,30,1,11,4,37,19,3,0,2,1,6,37,0.4673684,-6.832917,0.04210526
3,26,1,8,7,35,18,4,0,4,3,9,35,0.4421053,-6.563736,0.05526316
6,30,1,13,5,31,15,2,0,1,6,7,32,0.4042105,-6.707592,0.04210526
0,27,0,15,9,38,38,4,1,2,0,7,38,0.48,-6.277435,0.07894737
2,25,1,7,8,36,28,2,0,4,2,11,36,0.4547368,-6.419666,0.06578947
3,25,1,11,10,34,26,6,0,1,3,7,35,0.4421053,-6.206526,0.07631579
2,29,1,11,6,36,18,2,1,1,2,7,36,0.4547368,-6.4631,0.06315789
3,29,1,9,5,35,19,2,0,0,3,6,35,0.4421053,-6.831643,0.03947368
1,26,1,12,9,37,19,5,0,2,1,7,37,0.4673684,-6.367805,0.07105263
2,37,1,26,1,36,18,1,0,0,2,2,36,0.4547368,-7.418666,0.005263158
2,25,1,14,11,36,19,4,0,1,2,7,36,0.4547368,-6.159057,0.08157895
2,37,1,19,1,36,18,1,0,0,2,2,36,0.4547368,-7.418666,0.005263158
2,30,1,12,6,36,18,2,0,2,2,8,36,0.4547368,-6.897449,0.03684211
3,33,1,19,5,35,19,2,0,0,3,4,35,0.4421053,-6.920946,0.03421053
2,34,1,18,3,36,35,2,0,0,2,4,36,0.4547368,-6.940883,0.03421053
0,25,0,9,11,38,38,4,0,1,0,8,38,0.48,-6.236244,0.08157895
2,33,1,17,4,35,19,1,0,0,2,5,36,0.4547368,-7.027753,0.02894737
2,31,1,10,4,36,35,3,0,2,2,6,36,0.4547368,-6.810579,0.04210526
1,29,1,18,8,36,28,4,0,0,1,4,37,0.4673684,-6.367805,0.07105263
1,29,1,7,5,37,19,2,0,2,1,7,37,0.4673684,-6.832917,0.04210526
2,32,1,20,5,36,18,4,0,0,2,4,36,0.4547368,-6.940883,0.03421053
1,26,1,10,7,37,19,4,0,4,1,6,37,0.4673684,-6.536936,0.06052632
2,33,1,10,3,36,18,2,0,2,2,5,36,0.4547368,-7.114623,0.02368421
2,33,1,18,5,36,29,2,0,0,2,5,36,0.4547368,-6.767144,0.04473684
0,26,0,18,12,37,38,4,0,0,0,5,38,0.48,-6.112673,0.08947368
3,33,1,18,5,35,13,1,0,0,3,6,35,0.4421053,-6.965597,0.03157895
1,32,1,20,6,37,19,2,0,1,1,5,37,0.4673684,-6.621502,0.05526316
4,33,1,20,4,34,18,2,0,0,4,4,34,0.4294737,-7.037675,0.02631579
1,19,1,7,13,36,32,9,1,4,1,7,37,0.4673684,-5.56443,0.1210526
1,29,1,8,5,35,19,2,0,3,1,8,37,0.4673684,-6.706068,0.05
3,28,1,8,7,35,30,4,2,2,3,7,35,0.4421053,-6.161874,0.07894737
2,32,1,19,6,36,18,3,0,0,2,5,36,0.4547368,-6.984318,0.03157895
3,27,1,8,8,35,18,2,0,2,3,9,35,0.4421053,-6.608387,0.05263158
1,25,1,10,8,37,37,3,0,3,1,7,37,0.4673684,-6.410088,0.06842105
1,26,1,5,7,36,19,2,0,0,1,9,37,0.4673684,-6.621502,0.05526316
2,32,1,10,4,36,18,2,0,0,2,6,36,0.4547368,-7.158058,0.02105263
2,31,1,7,4,36,18,2,0,2,2,7,36,0.4547368,-7.027753,0.02894737
3,33,2,15,3,35,18,2,0,1,2,5,35,0.4421053,-7.188853,0.01842105
1,30,1,13,7,37,19,3,0,1,1,5,37,0.4673684,-6.663785,0.05263158
1,30,1,18,7,37,37,3,0,0,1,6,37,0.4673684,-6.621502,0.05526316
2,33,1,24,4,36,18,4,0,0,2,3,36,0.4547368,-7.071188,0.02631579
3,34,1,13,2,35,20,1,1,1,3,5,35,0.4421053,-6.965597,0.03157895
5,25,1,7,6,31,14,3,1,3,5,10,33,0.4168421,-6.262619,0.06842105
2,31,1,7,4,36,18,1,0,0,2,7,36,0.4547368,-7.071188,0.02631579
2,28,1,7,5,36,33,3,1,1,2,8,36,0.4547368,-6.593405,0.05526316
2,26,1,7,9,35,18,2,1,2,2,9,36,0.4547368,-6.289361,0.07368421
1,32,1,18,6,37,37,3,0,0,1,4,37,0.4673684,-6.917483,0.03684211
0,29,0,17,6,37,38,2,0,1,0,6,38,0.48,-6.524578,0.06315789
2,33,1,22,4,36,19,1,0,0,2,5,36,0.4547368,-6.984318,0.03157895
0,32,0,18,5,37,38,2,0,0,0,4,38,0.48,-6.771721,0.04736842
0,29,0,18,7,37,38,3,0,0,0,6,38,0.48,-6.524578,0.06315789
2,32,1,9,3,35,32,2,0,1,2,6,36,0.4547368,-6.984318,0.03157895
0,21,0,4,9,38,38,3,1,4,0,10,38,0.48,-6.030292,0.09473684
0,25,0,9,7,37,38,3,1,4,0,9,38,0.48,-6.359816,0.07368421
0,23,0,6,10,38,38,4,1,4,0,8,38,0.48,-5.989101,0.09736842
1,27,1,13,8,37,37,7,0,1,1,6,37,0.4673684,-6.410088,0.06842105
1,36,1,34,2,37,19,1,0,0,1,2,37,0.4673684,-7.086614,0.02631579
2,31,1,18,5,36,27,4,0,0,2,5,36,0.4547368,-6.723709,0.04736842
2,31,1,19,7,36,18,3,0,0,2,6,36,0.4547368,-6.897449,0.03684211
2,32,1,14,5,36,18,3,0,1,2,5,36,0.4547368,-7.027753,0.02894737
1,31,1,18,5,37,37,2,0,0,1,7,37,0.4673684,-6.748351,0.04736842
4,33,1,18,4,34,11,1,0,1,4,6,34,0.4294737,-7.037675,0.02631579
3,33,1,20,4,35,14,1,0,1,3,5,35,0.4421053,-7.010248,0.02894737
3,31,1,16,6,35,21,2,0,1,3,7,35,0.4421053,-6.831643,0.03947368
1,29,1,7,5,36,26,1,0,2,1,9,37,0.4673684,-6.621502,0.05526316
1,31,1,18,6,37,37,1,0,0,1,8,37,0.4673684,-6.663785,0.05263158
3,23,1,5,7,34,15,3,0,0,3,11,35,0.4421053,-6.295828,0.07105263
1,26,1,7,6,37,19,2,1,4,1,10,37,0.4673684,-6.410088,0.06842105
2,31,1,7,4,36,18,2,0,2,2,7,36,0.4547368,-6.984318,0.03157895
3,27,1,7,6,34,11,2,0,4,3,8,35,0.4421053,-6.563736,0.05526316
3,20,1,9,14,34,20,9,1,3,3,7,35,0.4421053,-5.536757,0.1157895
2,34,1,19,3,36,19,2,0,0,2,3,36,0.4547368,-6.940883,0.03421053
1,25,1,18,13,36,22,4,0,0,1,6,37,0.4673684,-6.114107,0.08684211
3,30,1,17,6,35,17,3,1,1,3,6,35,0.4421053,-6.519084,0.05789474
0,30,0,11,4,38,38,2,1,1,0,7,38,0.48,-6.565768,0.06052632
1,22,1,4,9,37,37,2,1,4,1,12,37,0.4673684,-6.15639,0.08421053
3,32,1,14,4,35,13,2,1,1,3,5,35,0.4421053,-6.831643,0.03947368
2,33,1,19,4,36,18,1,0,0,2,6,36,0.4547368,-7.071188,0.02631579
0,23,0,18,12,38,38,5,0,0,0,5,38,0.48,-5.86553,0.1052632
1,28,1,16,9,37,19,2,0,0,1,8,37,0.4673684,-6.621502,0.05526316
0,33,0,18,4,38,38,2,0,0,0,4,38,0.48,-6.648149,0.05526316
0,28,0,10,6,38,38,4,0,3,0,6,38,0.48,-6.648149,0.05526316
1,28,1,6,7,36,28,2,0,1,1,9,37,0.4673684,-6.452371,0.06578947
2,34,1,19,4,36,18,2,0,0,2,4,36,0.4547368,-7.114623,0.02368421
2,30,1,21,7,36,18,3,0,0,2,5,36,0.4547368,-6.854014,0.03947368
2,28,1,11,7,36,18,2,0,3,2,7,36,0.4547368,-6.593405,0.05526316
5,31,2,9,5,33,16,3,0,2,4,5,33,0.4168421,-6.830228,0.03684211
5,33,1,22,5,33,14,2,0,0,5,5,33,0.4168421,-6.92483,0.03157895
1,27,1,14,10,37,37,2,0,1,1,9,37,0.4673684,-6.283239,0.07631579
3,27,1,10,7,34,18,2,0,3,3,9,35,0.4421053,-6.563736,0.05526316
0,23,0,5,11,38,38,2,0,3,0,11,38,0.48,-6.236244,0.08157895
0,13,0,2,12,36,38,7,0,7,0,10,38,0.48,-5.536005,0.1263158
2,30,1,12,7,35,19,2,0,0,2,6,36,0.4547368,-6.767144,0.04473684
1,28,1,19,8,36,19,3,0,0,1,5,37,0.4673684,-6.367805,0.07105263
2,30,1,9,4,36,19,2,0,3,2,6,36,0.4547368,-6.63684,0.05263158
2,30,1,13,5,36,26,2,0,2,2,7,36,0.4547368,-6.680275,0.05
2,28,1,13,6,35,19,3,0,2,2,6,36,0.4547368,-6.593405,0.05526316
2,29,1,11,7,36,19,2,0,2,2,7,36,0.4547368,-6.680275,0.05
1,26,1,5,6,36,37,4,1,2,1,7,37,0.4673684,-6.494654,0.06315789
3,32,1,17,5,35,20,1,0,1,3,6,35,0.4421053,-6.786992,0.04210526
4,28,1,12,9,33,13,3,0,1,4,8,34,0.4294737,-6.624235,0.05
1,21,1,4,12,36,36,5,0,4,1,9,37,0.4673684,-5.818127,0.1052632
2,30,1,13,6,36,18,2,0,1,2,8,36,0.4547368,-6.810579,0.04210526
3,30,1,10,7,35,18,2,0,1,3,8,35,0.4421053,-6.831643,0.03947368
2,25,1,7,8,34,32,3,0,3,2,8,36,0.4547368,-6.289361,0.07368421
1,23,1,18,13,37,21,8,0,0,1,4,37,0.4673684,-6.029542,0.09210526
0,22,0,10,12,38,38,5,0,3,0,7,38,0.48,-5.989101,0.09736842
4,27,1,8,9,34,17,3,1,1,4,7,34,0.4294737,-6.072981,0.08157895
3,25,1,16,11,34,18,5,0,1,3,6,35,0.4421053,-6.385131,0.06578947
1,21,1,6,11,35,37,4,1,2,1,9,37,0.4673684,-6.029542,0.09210526
1,30,1,19,8,37,19,2,0,0,1,7,37,0.4673684,-6.663785,0.05263158
2,27,1,14,10,35,19,3,0,1,2,8,36,0.4547368,-6.4631,0.06315789
2,28,1,18,8,35,19,3,0,2,2,6,36,0.4547368,-6.593405,0.05526316
1,30,1,16,5,37,19,2,0,2,1,6,37,0.4673684,-6.748351,0.04736842
2,31,1,11,5,36,18,1,0,1,2,7,36,0.4547368,-6.810579,0.04210526
2,33,1,24,4,36,18,2,0,0,2,5,36,0.4547368,-7.071188,0.02631579
3,34,1,14,2,35,14,1,0,0,3,4,35,0.4421053,-7.0549,0.02631579
8,33,2,28,3,30,13,2,0,1,7,5,30,0.3789474,-7.061433,0.02105263
1,26,1,7,7,37,20,3,1,5,1,8,37,0.4673684,-6.198673,0.08157895
2,31,1,15,5,36,18,2,0,2,2,5,36,0.4547368,-6.940883,0.03421053
1,31,1,18,6,37,21,2,0,0,1,5,37,0.4673684,-6.579219,0.05789474
0,31,0,12,6,38,38,4,0,1,0,4,38,0.48,-6.68934,0.05263158
5,29,1,17,7,33,23,3,0,1,5,6,33,0.4168421,-6.546424,0.05263158
3,30,1,18,8,35,21,3,0,0,3,7,35,0.4421053,-6.519084,0.05789474
5,34,1,15,3,33,9,1,0,1,5,5,33,0.4168421,-7.114033,0.02105263
1,32,1,21,6,37,19,2,0,0,1,5,37,0.4673684,-6.917483,0.03684211
1,33,1,18,5,37,33,2,0,0,1,4,37,0.4673684,-6.832917,0.04210526
3,26,1,8,9,34,20,3,0,1,3,8,35,0.4421053,-6.69769,0.04736842
3,33,2,20,5,35,18,3,0,0,2,4,35,0.4421053,-7.0549,0.02631579
2,31,1,19,5,36,18,3,0,0,2,6,36,0.4547368,-6.854014,0.03947368
0,30,0,10,5,38,38,2,0,0,0,7,38,0.48,-6.812912,0.04473684
0,23,0,14,11,38,38,4,1,1,0,7,38,0.48,-5.947911,0.1
2,32,1,7,4,36,18,1,0,2,2,7,36,0.4547368,-7.027753,0.02894737
2,35,1,11,2,36,18,1,0,0,2,4,36,0.4547368,-7.288362,0.01315789
0,24,0,18,11,37,38,5,0,0,0,6,38,0.48,-5.989101,0.09736842
3,30,2,18,8,35,24,3,0,0,2,6,35,0.4421053,-6.608387,0.05263158
4,28,1,7,5,32,18,2,0,1,4,10,34,0.4294737,-6.807986,0.03947368
0,28,0,18,10,38,38,2,0,0,0,8,38,0.48,-6.483387,0.06578947
0,31,0,11,4,38,38,1,0,2,0,7,38,0.48,-6.68934,0.05263158
1,31,1,12,5,37,19,2,0,0,1,6,37,0.4673684,-6.917483,0.03684211
2,31,1,22,6,36,18,2,0,0,2,7,36,0.4547368,-6.854014,0.03947368
2,20,1,18,16,34,28,8,0,0,2,3,36,0.4547368,-5.507535,0.1210526
1,28,1,8,7,37,37,2,0,0,1,10,37,0.4673684,-6.706068,0.05
2,34,1,20,3,36,18,3,0,0,2,3,36,0.4547368,-7.158058,0.02105263
0,28,0,8,8,38,38,3,0,0,0,7,38,0.48,-6.442197,0.06842105
1,26,1,4,7,37,37,2,0,2,1,11,37,0.4673684,-6.579219,0.05789474
2,29,1,13,5,35,23,3,0,2,2,6,36,0.4547368,-6.593405,0.05526316
2,35,1,12,2,36,30,1,0,1,2,4,36,0.4547368,-7.201492,0.01842105
3,28,1,10,7,35,18,3,0,2,3,9,35,0.4421053,-6.69769,0.04736842
2,32,1,11,5,36,18,2,0,1,2,6,36,0.4547368,-6.984318,0.03157895
3,31,2,15,6,35,18,2,0,1,2,7,35,0.4421053,-6.920946,0.03421053
2,32,1,18,6,36,33,1,0,0,2,7,36,0.4547368,-6.723709,0.04736842
1,22,1,9,13,37,37,6,0,2,1,9,37,0.4673684,-6.114107,0.08684211
3,31,1,20,6,35,18,2,0,1,3,6,35,0.4421053,-6.876295,0.03684211
2,28,1,17,7,36,23,3,1,1,2,7,36,0.4547368,-6.506535,0.06052632
0,24,0,9,9,38,38,3,0,4,0,9,38,0.48,-6.195054,0.08421053
1,29,1,20,8,37,19,3,0,0,1,5,37,0.4673684,-6.452371,0.06578947
2,24,1,16,11,36,19,5,1,1,2,6,36,0.4547368,-6.159057,0.08157895
1,30,1,10,4,37,19,3,0,2,1,6,37,0.4673684,-6.8752,0.03947368
2,30,1,10,6,36,18,3,0,1,2,7,36,0.4547368,-6.810579,0.04210526
1,24,1,17,12,37,36,6,0,0,1,5,37,0.4673684,-5.944976,0.09736842
3,25,1,7,8,35,21,3,0,3,3,9,35,0.4421053,-6.563736,0.05526316
1,34,1,14,3,37,37,1,0,1,1,5,37,0.4673684,-7.002048,0.03157895
1,23,1,6,10,37,37,6,1,2,1,9,37,0.4673684,-6.198673,0.08157895
4,26,1,12,8,34,15,3,0,3,4,9,34,0.4294737,-6.440483,0.06052632
1,29,1,10,7,37,19,3,0,2,1,6,37,0.4673684,-6.663785,0.05263158
2,31,1,12,5,36,18,3,0,2,2,5,36,0.4547368,-6.940883,0.03421053
3,33,1,18,4,35,20,3,0,0,3,3,35,0.4421053,-6.563736,0.05526316
1,27,1,6,8,37,37,2,0,4,1,10,37,0.4673684,-6.325522,0.07368421
1,30,1,18,7,36,24,2,1,2,1,6,37,0.4673684,-6.325522,0.07368421
0,24,0,7,10,38,38,4,0,2,0,8,38,0.48,-6.195054,0.08421053
3,25,1,7,6,34,18,2,0,4,3,10,35,0.4421053,-6.608387,0.05263158
5,28,1,14,9,33,9,3,0,1,5,7,33,0.4168421,-6.499123,0.05526316
3,34,1,17,2,35,21,1,0,0,3,5,35,0.4421053,-7.0549,0.02631579
1,24,1,15,11,37,30,6,1,1,1,6,37,0.4673684,-5.818127,0.1052632
3,29,1,14,6,35,19,4,0,1,3,5,35,0.4421053,-6.563736,0.05526316
1,21,1,6,11,33,26,3,0,5,1,10,37,0.4673684,-5.987259,0.09473684
3,27,1,8,7,35,18,2,0,1,3,9,35,0.4421053,-6.786992,0.04210526
2,33,1,23,4,36,18,2,0,1,2,5,36,0.4547368,-7.071188,0.02631579
6,31,1,15,5,32,10,3,0,1,6,5,32,0.4042105,-6.853833,0.03421053
4,26,1,7,8,34,18,3,0,3,4,7,34,0.4294737,-6.394546,0.06315789
0,27,0,16,10,38,38,3,1,1,0,7,38,0.48,-6.195054,0.08421053
3,24,1,6,8,34,18,3,0,4,3,9,35,0.4421053,-6.519084,0.05789474
2,25,1,12,9,36,23,4,1,1,2,6,36,0.4547368,-6.202492,0.07894737
2,26,1,11,9,36,18,4,0,1,2,9,36,0.4547368,-6.506535,0.06052632
1,29,1,21,8,36,19,4,0,0,1,5,37,0.4673684,-6.579219,0.05789474
3,27,1,7,7,35,25,3,0,2,3,7,35,0.4421053,-6.563736,0.05526316
2,23,1,5,8,36,18,5,0,1,2,10,36,0.4547368,-6.506535,0.06052632
4,30,1,12,6,33,15,2,0,0,4,7,34,0.4294737,-6.670172,0.04736842
1,31,1,12,6,37,37,1,0,0,1,8,37,0.4673684,-6.8752,0.03947368
0,19,0,3,10,37,38,5,0,6,0,10,38,0.48,-6.030292,0.09473684
3,32,1,10,4,35,15,1,0,1,3,6,35,0.4421053,-6.965597,0.03157895
1,33,1,22,3,37,19,2,0,0,1,3,37,0.4673684,-7.128897,0.02368421
2,22,1,4,10,36,18,3,0,3,2,11,36,0.4547368,-6.506535,0.06052632
1,32,1,18,5,37,37,1,0,0,1,7,37,0.4673684,-6.8752,0.03947368
4,29,1,11,7,34,18,4,0,1,4,5,34,0.4294737,-6.71611,0.04473684
1,24,1,13,10,37,37,4,1,3,1,10,37,0.4673684,-6.198673,0.08157895
0,26,0,11,7,37,38,3,0,0,0,8,38,0.48,-6.565768,0.06052632
2,34,1,20,4,36,19,2,0,0,2,3,36,0.4547368,-7.071188,0.02631579
0,26,0,7,10,38,38,3,0,2,0,9,38,0.48,-6.277435,0.07894737
2,25,1,6,9,35,33,4,0,3,2,10,36,0.4547368,-6.289361,0.07368421
2,32,1,21,5,36,18,1,0,0,2,7,36,0.4547368,-6.984318,0.03157895
3,36,1,17,1,35,18,1,0,0,3,3,35,0.4421053,-7.367459,0.007894737
4,30,2,11,5,34,14,2,0,3,3,6,34,0.4294737,-6.670172,0.04736842
3,29,1,9,7,34,19,2,0,2,3,9,35,0.4421053,-6.69769,0.04736842
1,31,1,13,5,37,19,2,1,2,1,6,37,0.4673684,-6.706068,0.05
2,23,1,15,10,36,23,4,1,1,2,6,36,0.4547368,-6.072187,0.08684211
2,29,1,9,7,36,19,2,0,2,2,8,36,0.4547368,-6.680275,0.05
2,30,1,14,5,36,18,3,0,2,2,6,36,0.4547368,-6.897449,0.03684211
4,29,1,18,9,34,12,3,1,1,4,6,34,0.4294737,-5.981105,0.08684211
2,33,1,15,4,36,18,2,0,0,2,3,36,0.4547368,-7.244927,0.01578947
4,31,2,19,6,34,19,2,0,0,3,6,34,0.4294737,-6.624235,0.05
0,28,0,7,5,37,38,2,0,3,0,6,38,0.48,-6.606959,0.05789474
0,27,0,8,8,38,38,3,0,4,0,9,38,0.48,-6.236244,0.08157895
3,26,1,12,9,33,12,3,0,3,3,7,35,0.4421053,-6.161874,0.07894737
1,24,1,13,11,37,23,4,0,2,1,9,37,0.4673684,-6.029542,0.09210526
2,34,1,22,4,36,19,2,0,1,2,3,36,0.4547368,-6.940883,0.03421053
4,27,2,7,6,34,18,5,0,4,3,6,34,0.4294737,-6.578297,0.05263158
1,33,1,16,4,37,19,1,0,1,1,5,37,0.4673684,-6.917483,0.03684211
2,29,1,7,5,36,27,2,1,4,2,8,36,0.4547368,-6.245926,0.07631579
2,31,1,7,4,35,18,2,0,2,2,7,36,0.4547368,-6.984318,0.03157895
2,25,1,8,6,36,18,3,0,4,2,9,36,0.4547368,-6.593405,0.05526316
2,31,1,13,3,36,18,2,0,2,2,6,36,0.4547368,-7.027753,0.02894737
5,34,1,17,3,33,18,1,0,1,5,5,33,0.4168421,-7.114033,0.02105263
2,28,1,7,7,36,23,2,0,1,2,9,36,0.4547368,-6.593405,0.05526316
1,26,1,18,11,37,35,4,0,0,1,7,37,0.4673684,-6.198673,0.08157895
2,32,1,12,3,36,18,1,0,1,2,7,36,0.4547368,-7.114623,0.02368421
0,24,0,18,12,38,38,9,0,0,0,4,38,0.48,-5.947911,0.1
2,34,1,22,2,36,18,1,0,0,2,4,36,0.4547368,-7.071188,0.02631579
2,31,1,14,4,36,18,2,0,2,2,5,36,0.4547368,-6.897449,0.03684211
0,20,0,5,11,37,38,5,1,4,0,9,38,0.48,-5.989101,0.09736842
1,33,1,21,3,37,19,1,0,1,1,5,37,0.4673684,-7.086614,0.02631579
2,30,1,20,6,36,18,3,0,0,2,6,36,0.4547368,-6.810579,0.04210526
3,32,1,13,4,35,19,1,1,1,3,6,35,0.4421053,-6.742341,0.04473684
1,27,1,16,9,36,20,4,1,1,1,6,37,0.4673684,-6.325522,0.07368421
4,29,1,9,5,34,13,3,0,3,4,8,34,0.4294737,-6.807986,0.03947368
2,26,1,11,7,35,19,2,0,3,2,9,36,0.4547368,-6.419666,0.06578947
1,26,1,11,8,37,37,3,0,3,1,9,37,0.4673684,-6.536936,0.06052632
2,26,1,18,10,36,35,4,0,0,2,8,36,0.4547368,-6.202492,0.07894737
0,24,0,7,8,38,38,5,0,4,0,7,38,0.48,-6.277435,0.07894737
1,26,1,7,9,37,37,4,0,2,1,10,37,0.4673684,-6.325522,0.07368421
1,32,1,18,6,36,37,2,0,0,1,6,37,0.4673684,-6.8752,0.03947368
3,25,2,15,10,35,21,3,0,2,2,8,35,0.4421053,-6.161874,0.07894737
3,34,1,14,3,35,18,2,0,0,3,4,35,0.4421053,-7.278156,0.01315789
3,30,1,7,4,35,21,1,0,3,3,9,35,0.4421053,-6.786992,0.04210526
1,27,1,9,9,37,37,3,0,2,1,8,37,0.4673684,-6.536936,0.06052632
6,33,1,17,3,32,15,1,0,1,6,5,32,0.4042105,-7.146315,0.01842105
3,28,1,14,8,34,19,6,0,1,3,5,35,0.4421053,-6.474433,0.06052632
4,28,2,20,6,34,18,4,0,1,3,6,34,0.4294737,-6.624235,0.05
1,29,1,8,5,36,27,2,1,3,1,7,37,0.4673684,-6.367805,0.07105263
2,22,1,6,11,35,18,3,0,4,2,8,36,0.4547368,-6.028752,0.08947368
1,32,1,17,4,37,19,1,0,2,1,6,37,0.4673684,-6.917483,0.03684211
1,28,1,11,6,37,37,4,1,1,1,7,37,0.4673684,-6.579219,0.05789474
0,33,0,18,4,38,38,1,0,0,0,5,38,0.48,-6.771721,0.04736842
2,36,1,23,2,36,18,1,0,0,2,3,36,0.4547368,-7.331797,0.01052632
1,22,1,4,11,37,19,2,0,2,1,10,37,0.4673684,-6.494654,0.06315789
3,35,1,25,3,35,18,1,0,0,3,4,35,0.4421053,-7.188853,0.01842105
0,27,0,17,10,38,38,4,0,0,0,6,38,0.48,-6.483387,0.06578947
4,29,1,12,5,33,19,3,1,2,4,7,34,0.4294737,-6.71611,0.04473684
2,34,1,20,4,36,18,1,0,0,2,4,36,0.4547368,-6.854014,0.03947368
2,25,1,8,9,36,18,4,0,4,2,7,36,0.4547368,-6.159057,0.08157895
1,29,1,6,5,37,19,2,0,3,1,8,37,0.4673684,-6.832917,0.04210526
0,22,0,7,12,38,38,6,1,1,0,8,38,0.48,-5.947911,0.1
1,27,1,10,7,37,19,2,0,1,1,7,37,0.4673684,-6.748351,0.04736842
2,23,1,4,8,35,18,3,0,0,2,9,36,0.4547368,-6.54997,0.05789474
3,33,1,21,5,35,19,2,0,0,3,4,35,0.4421053,-6.742341,0.04473684
2,27,1,11,8,36,18,6,0,2,2,6,36,0.4547368,-6.593405,0.05526316
0,23,0,4,9,36,38,2,0,5,0,11,38,0.48,-6.195054,0.08421053
2,31,1,10,6,36,18,2,0,1,2,6,36,0.4547368,-6.897449,0.03684211
0,28,0,8,6,37,38,2,0,2,0,9,38,0.48,-6.359816,0.07368421
1,33,1,22,4,37,19,3,0,1,1,3,37,0.4673684,-7.044331,0.02894737
0,19,0,5,12,37,38,3,0,6,0,10,38,0.48,-5.90672,0.1026316
3,30,2,6,5,35,18,1,0,0,2,8,35,0.4421053,-7.010248,0.02894737
2,27,1,11,5,36,19,3,1,1,2,7,36,0.4547368,-6.593405,0.05526316
2,32,1,14,4,35,19,2,0,1,2,5,36,0.4547368,-6.897449,0.03684211
3,20,1,4,9,35,18,3,0,5,3,11,35,0.4421053,-6.161874,0.07894737
1,32,1,18,5,37,37,2,1,1,1,5,37,0.4673684,-6.663785,0.05263158
3,27,2,10,7,35,18,3,0,3,2,8,35,0.4421053,-6.519084,0.05789474
2,35,1,17,2,36,19,1,0,0,2,4,36,0.4547368,-7.201492,0.01842105
3,29,1,19,6,35,18,2,0,2,3,7,35,0.4421053,-6.786992,0.04210526
2,26,1,10,7,35,18,4,0,3,2,7,36,0.4547368,-6.54997,0.05789474
1,22,1,12,13,37,19,6,0,1,1,6,37,0.4673684,-5.944976,0.09736842
1,31,1,7,4,37,37,2,0,0,1,7,37,0.4673684,-6.790634,0.04473684
2,34,1,18,3,36,32,2,0,0,2,4,36,0.4547368,-6.984318,0.03157895
1,34,1,18,4,37,37,1,0,0,1,5,37,0.4673684,-7.086614,0.02631579
0,24,0,12,9,37,38,4,1,4,0,7,38,0.48,-6.195054,0.08421053
4,32,1,13,3,34,18,2,0,1,4,6,34,0.4294737,-7.083613,0.02368421
0,25,0,17,11,38,38,4,0,1,0,6,38,0.48,-6.195054,0.08421053
3,32,1,16,4,35,18,2,0,1,3,6,35,0.4421053,-6.965597,0.03157895
2,30,1,18,8,36,21,3,0,0,2,6,36,0.4547368,-6.63684,0.05263158
2,32,1,20,5,36,18,2,0,0,2,6,36,0.4547368,-6.940883,0.03421053
3,32,1,20,6,35,18,3,0,0,3,4,35,0.4421053,-6.965597,0.03157895
3,32,1,13,4,35,18,2,0,0,3,6,35,0.4421053,-7.0549,0.02631579
1,28,1,8,8,36,19,2,0,2,1,9,37,0.4673684,-6.621502,0.05526316
3,27,1,10,6,35,18,4,0,3,3,7,35,0.4421053,-6.608387,0.05263158
2,28,1,12,8,36,19,3,1,2,2,6,36,0.4547368,-6.419666,0.06578947
0,23,0,9,13,37,38,6,1,1,0,8,38,0.48,-5.90672,0.1026316
0,21,0,5,11,38,38,3,1,4,0,12,38,0.48,-5.90672,0.1026316
1,30,1,14,6,37,19,2,0,1,1,7,37,0.4673684,-6.748351,0.04736842
2,27,1,10,7,36,18,2,1,3,2,8,36,0.4547368,-6.245926,0.07631579
3,27,1,9,7,35,15,3,1,3,3,8,35,0.4421053,-6.251177,0.07368421
1,29,1,10,5,36,37,3,0,3,1,8,37,0.4673684,-6.790634,0.04473684
3,34,2,17,3,35,18,1,0,1,2,5,35,0.4421053,-7.188853,0.01842105
2,30,1,13,5,36,19,2,1,1,2,5,36,0.4547368,-6.63684,0.05263158
0,33,0,18,5,37,38,1,0,0,0,5,38,0.48,-6.771721,0.04736842
6,33,1,30,5,32,10,3,0,0,6,3,32,0.4042105,-6.951327,0.02894737
1,29,1,8,6,37,37,3,1,1,1,7,37,0.4673684,-6.579219,0.05789474
3,29,1,17,4,35,18,2,0,3,3,8,35,0.4421053,-6.831643,0.03947368
1,23,1,4,8,36,37,3,0,4,1,10,37,0.4673684,-6.240956,0.07894737
2,32,1,17,5,36,18,1,0,1,2,7,36,0.4547368,-6.984318,0.03157895
3,34,1,12,2,35,18,1,0,0,3,5,35,0.4421053,-7.233505,0.01578947
1,32,1,12,4,37,20,2,1,1,1,5,37,0.4673684,-6.663785,0.05263158
1,28,1,9,7,36,19,2,0,2,1,8,37,0.4673684,-6.621502,0.05526316
3,23,2,18,10,33,13,7,0,0,2,5,35,0.4421053,-5.849316,0.09736842
2,31,1,11,5,36,18,2,0,1,2,6,36,0.4547368,-6.854014,0.03947368
5,25,2,10,10,32,14,3,0,1,4,6,33,0.4168421,-5.978815,0.08421053
0,19,0,6,14,38,38,7,0,3,0,7,38,0.48,-6.236244,0.08157895
0,26,0,15,11,37,38,3,1,1,0,7,38,0.48,-6.195054,0.08421053
1,27,1,15,9,37,35,4,1,4,1,6,37,0.4673684,-6.071825,0.08947368
2,24,1,17,12,35,20,8,0,1,2,6,36,0.4547368,-6.115622,0.08421053
5,30,2,21,7,33,18,4,0,0,4,5,33,0.4168421,-6.404521,0.06052632
2,34,1,24,3,36,18,1,0,1,2,4,36,0.4547368,-7.114623,0.02368421
2,29,1,19,8,36,18,4,0,0,2,5,36,0.4547368,-6.680275,0.05
1,26,1,8,9,36,37,3,0,0,1,6,37,0.4673684,-6.536936,0.06052632
1,19,1,7,11,37,37,5,0,6,1,9,37,0.4673684,-5.902693,0.1
1,29,1,13,6,37,19,2,1,1,1,7,37,0.4673684,-6.621502,0.05526316
1,28,1,6,6,37,34,2,0,2,1,9,37,0.4673684,-6.536936,0.06052632
2,24,1,18,11,35,30,6,0,0,2,7,36,0.4547368,-6.115622,0.08421053
2,30,1,12,5,36,18,2,0,2,2,6,36,0.4547368,-6.940883,0.03421053
2,32,1,17,5,36,19,1,0,1,2,6,36,0.4547368,-6.940883,0.03421053
1,30,1,18,5,37,20,3,0,0,1,6,37,0.4673684,-6.494654,0.06315789
1,34,1,13,2,37,37,1,1,1,1,5,37,0.4673684,-7.002048,0.03157895
3,24,2,4,7,35,18,4,0,4,2,10,35,0.4421053,-6.519084,0.05789474
3,25,2,12,11,34,17,3,0,2,2,7,35,0.4421053,-6.251177,0.07368421
1,31,1,18,5,36,30,2,0,0,1,5,37,0.4673684,-6.748351,0.04736842
1,32,1,12,3,37,37,1,0,0,1,7,37,0.4673684,-6.959765,0.03421053
1,23,1,6,11,36,19,5,0,4,1,10,37,0.4673684,-6.198673,0.08157895
2,31,1,21,6,35,18,3,0,0,2,5,36,0.4547368,-6.897449,0.03684211
6,31,2,21,7,32,18,2,0,0,5,6,32,0.4042105,-6.756339,0.03947368
1,32,1,20,5,37,19,2,0,0,1,4,37,0.4673684,-6.917483,0.03684211
2,28,1,9,5,36,18,3,0,3,2,9,36,0.4547368,-6.810579,0.04210526
2,32,1,15,5,36,27,3,0,1,2,5,36,0.4547368,-6.940883,0.03421053
2,26,1,7,8,35,19,3,0,3,2,9,36,0.4547368,-6.289361,0.07368421
3,35,1,20,2,35,18,2,0,1,3,3,35,0.4421053,-7.233505,0.01578947
3,36,1,19,2,35,18,1,0,0,3,3,35,0.4421053,-7.322807,0.01052632
4,33,1,21,5,34,18,1,0,0,4,6,34,0.4294737,-7.037675,0.02631579
4,31,1,18,7,33,18,3,0,0,4,5,34,0.4294737,-6.486421,0.05789474
2,26,1,8,7,36,18,2,0,4,2,8,36,0.4547368,-6.63684,0.05263158
1,31,1,18,6,37,33,2,0,0,1,5,37,0.4673684,-6.452371,0.06578947
1,26,1,9,10,36,19,3,0,0,1,9,37,0.4673684,-6.410088,0.06842105
2,34,1,18,2,36,18,1,0,1,2,4,36,0.4547368,-7.027753,0.02894737
2,28,1,16,9,36,18,2,0,1,2,8,36,0.4547368,-6.63684,0.05263158
2,24,1,10,11,36,19,3,1,2,2,9,36,0.4547368,-6.159057,0.08157895
0,24,0,9,11,38,38,4,0,4,0,8,38,0.48,-6.112673,0.08947368
5,28,1,6,6,32,18,3,0,2,5,7,33,0.4168421,-6.499123,0.05526316
2,26,1,19,11,36,19,4,0,0,2,6,36,0.4547368,-6.245926,0.07631579
2,27,1,6,5,36,18,2,0,4,2,8,36,0.4547368,-6.723709,0.04736842
3,32,1,12,3,35,14,1,1,1,3,7,35,0.4421053,-6.876295,0.03684211
1,24,1,10,9,36,37,8,1,2,1,7,37,0.4673684,-6.198673,0.08157895
2,25,1,18,10,36,27,6,0,0,2,6,36,0.4547368,-6.202492,0.07894737
1,28,1,9,6,36,19,2,0,3,1,8,37,0.4673684,-6.706068,0.05
1,29,1,13,5,36,26,3,1,3,1,6,37,0.4673684,-6.452371,0.06578947
1,23,1,9,9,36,19,3,1,4,1,8,37,0.4673684,-6.15639,0.08421053
2,30,1,14,5,36,18,2,0,1,2,7,36,0.4547368,-6.940883,0.03421053
1,28,1,18,7,37,33,3,0,0,1,6,37,0.4673684,-6.198673,0.08157895
5,28,2,18,9,31,18,3,0,0,3,6,33,0.4168421,-6.215318,0.07105263
1,29,1,13,8,37,37,2,0,1,1,8,37,0.4673684,-6.663785,0.05263158
2,25,1,7,8,34,18,3,0,3,2,9,36,0.4547368,-6.4631,0.06315789
1,26,1,6,6,37,37,3,0,1,1,9,37,0.4673684,-6.663785,0.05263158
2,26,1,8,8,34,21,3,1,2,2,9,36,0.4547368,-6.376231,0.06842105
1,28,1,18,10,37,37,4,0,0,1,6,37,0.4673684,-6.536936,0.06052632
6,28,2,10,7,32,16,3,1,2,4,8,32,0.4042105,-6.268869,0.06578947
4,32,1,15,4,34,18,1,0,1,4,7,34,0.4294737,-6.991737,0.02894737
2,30,1,11,5,36,18,2,0,1,2,8,36,0.4547368,-6.897449,0.03684211
4,26,1,7,8,33,22,3,0,2,4,8,34,0.4294737,-6.348608,0.06578947
3,28,1,17,9,35,18,4,0,1,3,6,35,0.4421053,-6.519084,0.05789474
0,26,0,14,10,38,38,2,1,1,0,8,38,0.48,-6.153863,0.08684211
3,25,1,9,9,35,18,4,0,2,3,8,35,0.4421053,-6.385131,0.06578947
1,31,1,21,6,37,19,2,0,0,1,4,37,0.4673684,-6.706068,0.05
1,30,1,9,7,37,37,2,0,0,1,8,37,0.4673684,-6.706068,0.05
7,31,2,9,6,31,12,3,1,2,6,5,31,0.3915789,-6.225231,0.06578947
2,24,1,19,11,36,18,6,0,0,2,5,36,0.4547368,-6.202492,0.07894737
2,29,1,6,6,36,33,3,0,2,2,7,36,0.4547368,-6.680275,0.05
2,30,1,8,4,36,18,2,0,1,2,8,36,0.4547368,-6.940883,0.03421053
1,28,1,18,9,37,37,5,0,0,1,6,37,0.4673684,-6.410088,0.06842105
2,29,1,14,8,36,18,2,0,1,2,8,36,0.4547368,-6.593405,0.05526316
1,30,1,9,7,37,31,5,1,1,1,4,37,0.4673684,-6.367805,0.07105263
2,36,1,22,2,36,18,1,0,0,2,3,36,0.4547368,-7.331797,0.01052632
2,29,1,18,9,35,22,4,0,0,2,5,36,0.4547368,-6.54997,0.05789474
3,34,2,21,4,35,18,2,0,0,2,4,35,0.4421053,-7.144202,0.02105263
2,25,1,6,7,36,24,2,0,4,2,10,36,0.4547368,-6.419666,0.06578947
2,32,1,18,5,36,18,1,0,1,2,7,36,0.4547368,-6.984318,0.03157895
3,32,1,21,6,35,19,3,0,1,3,4,35,0.4421053,-6.786992,0.04210526
2,30,1,20,6,36,18,2,0,1,2,7,36,0.4547368,-6.767144,0.04473684
5,31,1,16,5,33,15,2,0,1,5,5,33,0.4168421,-6.782927,0.03947368
3,35,1,19,3,35,18,1,0,0,3,4,35,0.4421053,-7.188853,0.01842105
1,30,1,19,4,37,19,2,0,0,1,6,37,0.4673684,-6.790634,0.04473684
2,28,1,11,8,36,18,3,0,1,2,6,36,0.4547368,-6.593405,0.05526316
2,30,1,9,5,36,21,1,0,2,2,9,36,0.4547368,-6.767144,0.04473684
3,24,1,19,14,34,18,6,0,0,3,5,35,0.4421053,-6.117223,0.08157895
1,24,1,10,12,36,21,4,1,1,1,7,37,0.4673684,-5.987259,0.09473684
1,24,1,10,8,36,19,3,0,3,1,8,37,0.4673684,-6.367805,0.07105263
1,25,1,6,8,37,19,3,0,4,1,9,37,0.4673684,-6.452371,0.06578947
2,32,1,19,6,36,18,3,0,0,2,5,36,0.4547368,-6.984318,0.03157895
2,27,1,8,6,36,18,2,0,2,2,8,36,0.4547368,-6.767144,0.04473684
2,30,1,16,6,36,22,2,1,1,2,8,36,0.4547368,-6.593405,0.05526316
6,34,2,26,4,31,17,4,0,0,4,2,32,0.4042105,-7.097568,0.02105263
1,27,1,10,9,37,19,4,0,1,1,7,37,0.4673684,-6.494654,0.06315789
4,32,2,13,3,34,17,1,0,2,3,7,34,0.4294737,-7.037675,0.02631579
1,32,1,15,4,37,19,1,0,1,1,6,37,0.4673684,-6.832917,0.04210526
3,33,1,21,5,34,18,1,0,0,3,6,35,0.4421053,-7.0549,0.02631579
1,25,1,7,7,36,19,4,0,4,1,9,37,0.4673684,-6.452371,0.06578947
2,35,1,18,3,35,25,1,0,0,2,3,36,0.4547368,-7.071188,0.02631579
2,32,1,15,4,36,31,3,0,2,2,5,36,0.4547368,-6.723709,0.04736842
6,30,1,18,7,31,13,2,0,0,6,6,32,0.4042105,-6.610098,0.04736842
2,33,1,14,3,36,18,1,0,1,2,6,36,0.4547368,-7.158058,0.02105263
1,26,1,15,9,37,37,4,0,1,1,7,37,0.4673684,-6.240956,0.07894737
3,32,1,22,6,35,18,3,0,0,3,5,35,0.4421053,-6.876295,0.03684211
1,29,1,12,7,37,37,2,1,1,1,8,37,0.4673684,-6.579219,0.05789474
2,32,1,18,5,35,22,2,0,0,2,5,36,0.4547368,-6.767144,0.04473684
3,27,1,7,6,35,21,3,0,3,3,8,35,0.4421053,-6.608387,0.05263158
3,30,1,11,5,33,11,2,0,2,3,6,35,0.4421053,-6.876295,0.03684211
1,29,1,18,9,37,37,4,0,0,1,5,37,0.4673684,-6.367805,0.07105263
2,33,1,21,4,36,18,1,0,0,2,6,36,0.4547368,-7.071188,0.02631579
1,31,1,12,4,37,19,2,0,2,1,5,37,0.4673684,-6.8752,0.03947368
4,28,1,10,8,34,18,2,0,0,4,9,34,0.4294737,-6.670172,0.04736842
3,31,1,20,6,35,18,2,0,0,3,6,35,0.4421053,-6.831643,0.03947368
1,25,1,13,9,37,19,3,0,2,1,8,37,0.4673684,-6.325522,0.07368421
1,30,1,11,6,36,37,3,0,2,1,6,37,0.4673684,-6.579219,0.05789474
3,33,1,21,5,35,18,2,0,0,3,5,35,0.4421053,-7.0549,0.02631579
4,30,1,20,7,34,18,3,0,0,4,6,34,0.4294737,-6.670172,0.04736842
2,27,1,14,9,36,25,4,0,1,2,6,36,0.4547368,-6.376231,0.06842105
6,31,2,15,5,32,18,2,0,0,5,6,32,0.4042105,-6.561351,0.05
2,30,1,18,8,36,33,3,0,0,2,6,36,0.4547368,-6.63684,0.05263158
4,30,2,7,5,34,18,1,0,1,3,9,34,0.4294737,-6.991737,0.02894737
1,34,1,12,3,37,37,1,0,2,1,5,37,0.4673684,-6.917483,0.03684211
0,28,0,7,6,37,38,2,0,2,0,9,38,0.48,-6.565768,0.06052632
3,20,1,6,9,34,22,4,0,6,3,10,35,0.4421053,-6.161874,0.07894737
2,34,1,21,4,36,19,2,0,0,2,3,36,0.4547368,-7.027753,0.02894737
3,25,1,11,8,35,19,4,0,2,3,5,35,0.4421053,-6.429782,0.06315789
1,26,1,10,9,37,37,3,0,3,1,8,37,0.4673684,-6.240956,0.07894737
2,29,1,16,8,36,23,2,0,2,2,7,36,0.4547368,-6.4631,0.06315789
4,31,1,9,4,34,12,2,0,2,4,7,34,0.4294737,-6.945799,0.03157895
4,24,2,5,7,34,17,5,0,3,3,8,34,0.4294737,-6.486421,0.05789474
3,29,1,8,5,35,18,2,0,2,3,9,35,0.4421053,-6.920946,0.03421053
2,28,1,7,6,36,18,3,0,3,2,8,36,0.4547368,-6.723709,0.04736842
4,33,1,14,4,34,16,2,0,1,4,5,34,0.4294737,-6.991737,0.02894737
5,31,1,19,7,32,18,4,0,0,5,5,33,0.4168421,-6.688326,0.04473684
2,32,1,18,5,36,18,2,0,1,2,6,36,0.4547368,-6.984318,0.03157895
1,28,1,18,8,37,37,2,0,1,1,7,37,0.4673684,-6.367805,0.07105263
3,27,1,15,10,35,18,4,0,1,3,6,35,0.4421053,-6.519084,0.05789474
2,21,1,5,9,35,20,3,0,5,2,12,36,0.4547368,-6.202492,0.07894737
2,31,1,11,4,36,18,1,0,2,2,8,36,0.4547368,-6.940883,0.03421053
4,32,2,19,6,34,19,1,0,0,3,6,34,0.4294737,-6.624235,0.05
1,28,1,7,6,37,37,3,0,2,1,8,37,0.4673684,-6.621502,0.05526316
0,27,0,6,5,38,38,3,1,5,0,9,38,0.48,-6.401006,0.07105263
1,32,1,19,6,37,19,3,0,0,1,4,37,0.4673684,-6.917483,0.03684211
0,28,0,9,7,38,38,2,1,3,0,9,38,0.48,-6.359816,0.07368421
0,25,0,9,9,37,38,3,1,1,0,9,38,0.48,-6.277435,0.07894737
0,20,0,6,11,37,38,4,0,2,0,12,38,0.48,-5.989101,0.09736842
1,29,1,22,8,37,19,5,0,0,1,3,37,0.4673684,-6.621502,0.05526316
0,28,0,18,9,37,38,3,0,0,0,5,38,0.48,-6.401006,0.07105263
5,32,1,19,6,33,18,3,0,0,5,4,33,0.4168421,-6.735627,0.04210526
2,26,1,6,6,36,18,2,0,5,2,11,36,0.4547368,-6.54997,0.05789474
1,24,1,18,13,36,37,5,0,0,1,6,37,0.4673684,-6.114107,0.08684211
2,30,1,15,5,36,18,2,0,1,2,6,36,0.4547368,-7.027753,0.02894737
2,33,1,24,5,35,18,3,0,0,2,4,36,0.4547368,-7.071188,0.02631579
3,27,1,11,8,35,31,4,0,4,3,8,35,0.4421053,-6.295828,0.07105263
2,32,1,22,4,36,18,2,0,2,2,6,36,0.4547368,-6.984318,0.03157895
0,28,0,9,7,37,38,4,0,1,0,7,38,0.48,-6.565768,0.06052632
2,29,1,11,5,35,18,2,0,3,2,8,36,0.4547368,-6.854014,0.03947368
2,28,1,10,5,36,18,2,0,2,2,9,36,0.4547368,-6.854014,0.03947368
0,28,0,18,8,38,38,3,0,1,0,7,38,0.48,-6.524578,0.06315789
3,29,1,9,7,35,19,3,0,2,3,6,35,0.4421053,-6.563736,0.05526316
1,21,1,5,9,36,25,3,1,6,1,9,37,0.4673684,-5.944976,0.09736842
3,32,1,11,4,35,18,3,0,1,3,5,35,0.4421053,-6.965597,0.03157895
2,37,1,28,1,36,18,1,0,0,2,2,36,0.4547368,-7.418666,0.005263158
1,30,1,7,5,37,19,2,0,1,1,7,37,0.4673684,-6.917483,0.03684211
2,29,1,18,7,34,27,3,0,1,2,6,36,0.4547368,-6.4631,0.06315789
1,27,1,18,10,37,36,4,0,0,1,6,37,0.4673684,-6.240956,0.07894737
1,21,1,8,14,37,37,8,0,1,1,7,37,0.4673684,-5.987259,0.09473684
2,27,1,10,9,36,36,2,0,1,2,7,36,0.4547368,-6.332796,0.07105263
3,32,1,12,4,35,28,1,0,2,3,7,35,0.4421053,-6.653038,0.05
2,35,1,22,3,36,19,2,0,0,2,2,36,0.4547368,-7.114623,0.02368421
1,30,1,9,5,37,19,1,1,1,1,8,37,0.4673684,-6.706068,0.05
1,27,1,9,7,37,19,2,0,4,1,8,37,0.4673684,-6.579219,0.05789474
0,25,0,11,11,38,38,4,1,1,0,8,38,0.48,-5.947911,0.1
1,25,1,12,9,37,19,3,0,2,1,9,37,0.4673684,-6.367805,0.07105263
1,31,1,18,6,36,26,2,0,0,1,5,37,0.4673684,-6.663785,0.05263158
1,29,1,10,7,37,37,3,0,1,1,7,37,0.4673684,-6.706068,0.05
2,27,1,8,7,35,19,4,0,3,2,8,36,0.4547368,-6.54997,0.05789474
4,30,2,13,4,34,13,2,0,2,3,7,34,0.4294737,-6.762048,0.04210526
1,25,1,8,8,37,19,3,0,4,1,9,37,0.4673684,-6.410088,0.06842105
1,21,1,5,9,36,19,3,0,4,1,12,37,0.4673684,-6.198673,0.08157895
2,31,1,16,5,36,18,2,0,1,2,7,36,0.4547368,-6.854014,0.03947368
2,31,1,7,4,36,18,2,0,1,2,6,36,0.4547368,-7.071188,0.02631579
2,31,1,23,7,36,19,2,0,0,2,6,36,0.4547368,-6.593405,0.05526316
3,24,1,8,12,35,31,5,1,2,3,7,35,0.4421053,-6.027921,0.08684211
6,32,2,18,5,32,21,2,0,1,5,5,32,0.4042105,-6.561351,0.05
2,32,1,16,5,35,22,2,0,1,2,6,36,0.4547368,-6.897449,0.03684211
3,30,1,7,4,35,18,1,0,1,3,9,35,0.4421053,-6.965597,0.03157895
3,31,1,23,7,35,18,2,0,0,3,6,35,0.4421053,-6.831643,0.03947368
2,23,1,8,13,36,19,7,0,2,2,6,36,0.4547368,-6.115622,0.08421053
2,29,1,10,5,36,26,2,0,3,2,8,36,0.4547368,-6.54997,0.05789474
1,21,1,6,10,36,19,2,0,3,1,9,37,0.4673684,-6.367805,0.07105263
1,25,1,13,9,37,26,5,1,2,1,6,37,0.4673684,-6.198673,0.08157895
0,27,0,14,9,38,38,3,1,2,0,8,38,0.48,-6.277435,0.07894737
2,27,1,6,7,36,18,2,0,2,2,9,36,0.4547368,-6.723709,0.04736842
1,31,1,18,7,37,37,3,0,0,1,5,37,0.4673684,-6.832917,0.04210526
0,30,0,8,5,38,38,1,0,3,0,8,38,0.48,-6.648149,0.05526316
2,30,1,15,6,36,19,2,0,2,2,7,36,0.4547368,-6.54997,0.05789474
2,28,1,8,7,35,19,2,0,2,2,8,36,0.4547368,-6.506535,0.06052632
2,31,1,12,6,36,18,2,0,1,2,7,36,0.4547368,-6.854014,0.03947368
2,37,1,22,1,36,18,1,0,0,2,2,36,0.4547368,-7.462101,0.002631579
1,29,1,14,7,37,37,4,0,0,1,6,37,0.4673684,-6.748351,0.04736842
3,33,1,22,4,35,18,1,0,0,3,5,35,0.4421053,-7.010248,0.02894737
2,26,1,6,7,36,30,3,1,3,2,11,36,0.4547368,-6.332796,0.07105263
3,30,1,11,6,34,18,3,0,2,3,7,35,0.4421053,-6.876295,0.03684211
2,21,1,8,11,36,19,5,0,5,2,7,36,0.4547368,-6.028752,0.08947368
6,24,1,6,11,31,18,3,0,2,6,8,32,0.4042105,-5.976387,0.08157895
1,24,1,10,11,37,19,4,0,3,1,7,37,0.4673684,-6.198673,0.08157895
3,26,1,5,7,34,22,2,0,2,3,10,35,0.4421053,-6.519084,0.05789474
1,23,1,6,9,35,37,5,0,0,1,8,37,0.4673684,-6.367805,0.07105263
1,26,1,5,7,37,37,4,0,4,1,10,37,0.4673684,-6.452371,0.06578947
3,31,1,13,5,35,18,4,0,2,3,5,35,0.4421053,-6.920946,0.03421053
2,28,1,9,6,36,18,2,0,2,2,7,36,0.4547368,-6.854014,0.03947368
3,28,1,12,8,35,18,4,0,1,3,8,35,0.4421053,-6.653038,0.05
1,27,1,7,7,37,25,2,0,3,1,9,37,0.4673684,-6.452371,0.06578947
1,28,1,7,8,37,22,3,0,3,1,8,37,0.4673684,-6.325522,0.07368421
3,32,2,19,5,35,18,2,0,0,2,5,35,0.4421053,-6.831643,0.03947368
1,21,1,11,12,36,19,5,0,4,1,7,37,0.4673684,-5.987259,0.09473684
1,29,1,22,7,37,19,3,1,1,1,4,37,0.4673684,-6.579219,0.05789474
3,25,1,10,8,34,18,5,0,3,3,7,35,0.4421053,-6.563736,0.05526316
4,27,2,9,7,34,18,3,0,3,3,10,34,0.4294737,-6.578297,0.05263158
1,26,1,7,8,37,19,2,0,3,1,9,37,0.4673684,-6.410088,0.06842105
4,35,1,18,2,34,13,1,0,1,4,4,34,0.4294737,-7.221426,0.01578947
0,25,0,10,11,38,38,4,0,1,0,7,38,0.48,-6.195054,0.08421053
1,26,1,16,11,37,37,3,0,1,1,9,37,0.4673684,-6.367805,0.07105263
2,28,1,6,6,36,24,2,0,3,2,9,36,0.4547368,-6.332796,0.07105263
2,28,1,20,7,36,19,2,0,1,2,7,36,0.4547368,-6.419666,0.06578947
3,36,1,31,2,35,18,1,0,0,3,3,35,0.4421053,-7.322807,0.01052632
0,31,0,18,7,38,38,2,0,0,0,6,38,0.48,-6.401006,0.07105263
1,27,1,5,7,36,37,3,0,3,1,10,37,0.4673684,-6.579219,0.05789474
1,29,1,21,9,37,19,3,0,0,1,6,37,0.4673684,-6.452371,0.06578947
5,33,1,21,4,33,13,1,0,0,5,6,33,0.4168421,-6.97213,0.02894737
0,24,0,6,8,38,38,3,0,4,0,10,38,0.48,-6.359816,0.07368421
2,26,1,11,10,36,19,6,0,2,2,5,36,0.4547368,-6.332796,0.07105263
1,28,1,12,8,37,19,4,0,2,1,3,37,0.4673684,-6.410088,0.06842105
1,26,1,9,10,37,37,3,1,1,1,8,37,0.4673684,-6.283239,0.07631579
1,26,1,13,10,37,22,3,0,2,1,8,37,0.4673684,-6.071825,0.08947368
1,22,1,9,11,37,37,4,0,3,1,8,37,0.4673684,-6.114107,0.08684211
3,33,1,13,4,35,17,2,0,0,3,4,35,0.4421053,-7.010248,0.02894737
1,30,1,12,5,37,19,2,0,0,1,7,37,0.4673684,-6.790634,0.04473684
1,24,1,5,8,35,37,3,0,2,1,10,37,0.4673684,-6.283239,0.07631579
2,29,1,7,5,36,18,3,0,2,2,8,36,0.4547368,-6.854014,0.03947368
2,31,1,11,4,36,18,3,0,2,2,5,36,0.4547368,-6.984318,0.03157895
3,36,1,32,2,35,18,2,0,0,3,2,35,0.4421053,-7.322807,0.01052632
1,26,1,9,7,36,37,3,0,0,1,8,37,0.4673684,-6.579219,0.05789474
2,29,1,9,7,34,16,2,0,2,2,8,36,0.4547368,-6.593405,0.05526316
2,28,1,19,10,36,18,4,0,0,2,5,36,0.4547368,-6.4631,0.06315789
1,34,1,12,3,37,37,1,0,1,1,5,37,0.4673684,-7.128897,0.02368421
0,21,0,6,15,36,38,9,0,2,0,6,38,0.48,-5.824339,0.1078947
3,33,1,9,3,35,18,1,0,0,3,6,35,0.4421053,-7.188853,0.01842105
2,32,1,12,4,36,18,2,0,1,2,5,36,0.4547368,-7.071188,0.02631579
4,33,1,11,4,34,18,2,0,1,4,5,34,0.4294737,-7.037675,0.02631579
1,27,1,6,7,37,23,2,0,4,1,10,37,0.4673684,-6.536936,0.06052632
2,31,1,12,5,36,18,1,0,1,2,8,36,0.4547368,-6.897449,0.03684211
2,33,1,20,4,36,19,2,0,0,2,4,36,0.4547368,-6.984318,0.03157895
1,28,1,20,10,36,19,2,0,0,1,6,37,0.4673684,-6.283239,0.07631579
2,30,1,19,7,36,18,2,0,0,2,6,36,0.4547368,-6.854014,0.03947368
2,33,1,16,3,36,28,1,0,1,2,6,36,0.4547368,-6.984318,0.03157895
2,32,1,12,4,36,18,2,0,2,2,6,36,0.4547368,-7.027753,0.02894737
1,26,1,18,12,36,37,4,0,0,1,7,37,0.4673684,-6.283239,0.07631579
4,35,1,18,2,34,21,1,0,0,4,3,34,0.4294737,-6.945799,0.03157895
1,34,1,21,4,37,19,1,0,0,1,4,37,0.4673684,-7.044331,0.02894737
2,25,1,7,9,36,18,4,0,3,2,8,36,0.4547368,-6.332796,0.07105263
1,35,1,18,3,37,37,1,0,0,1,4,37,0.4673684,-7.17118,0.02105263
2,29,1,6,6,36,18,3,0,2,2,8,36,0.4547368,-6.940883,0.03421053
4,31,1,19,5,34,11,3,0,1,4,4,34,0.4294737,-6.762048,0.04210526
1,31,1,10,4,37,37,3,0,2,1,6,37,0.4673684,-6.8752,0.03947368
1,25,1,9,9,37,37,3,0,1,1,8,37,0.4673684,-6.367805,0.07105263
2,30,1,18,6,36,22,2,0,0,2,8,36,0.4547368,-6.593405,0.05526316
3,34,1,20,4,35,18,1,0,0,3,5,35,0.4421053,-7.144202,0.02105263
2,31,1,19,6,36,18,2,0,0,2,6,36,0.4547368,-6.854014,0.03947368
2,30,1,11,5,36,18,2,0,2,2,8,36,0.4547368,-6.810579,0.04210526
3,27,1,7,7,35,18,4,0,4,3,7,35,0.4421053,-6.519084,0.05789474
1,27,1,7,7,37,37,7,0,2,1,6,37,0.4673684,-6.621502,0.05526316
3,36,1,19,2,35,18,1,0,0,3,3,35,0.4421053,-7.322807,0.01052632
3,29,1,10,6,35,13,2,0,2,3,8,35,0.4421053,-6.340479,0.06842105
1,28,1,20,10,37,19,4,0,0,1,4,37,0.4673684,-6.410088,0.06842105
4,32,1,18,6,34,19,2,0,0,4,5,34,0.4294737,-6.578297,0.05263158
3,32,1,13,3,35,17,2,0,2,3,5,35,0.4421053,-6.831643,0.03947368
0,26,0,9,8,38,38,2,0,4,0,8,38,0.48,-6.153863,0.08684211
1,30,1,18,7,37,27,3,0,0,1,6,37,0.4673684,-6.663785,0.05263158
0,22,0,13,12,38,38,5,0,3,0,8,38,0.48,-5.824339,0.1078947
2,33,1,10,4,36,18,1,1,1,2,5,36,0.4547368,-6.593405,0.05526316
3,33,1,16,3,34,12,1,0,0,3,5,35,0.4421053,-7.010248,0.02894737
4,26,1,8,7,34,13,2,0,4,4,10,34,0.4294737,-6.30267,0.06842105
1,20,1,5,9,37,37,5,0,5,1,9,37,0.4673684,-6.114107,0.08684211
4,27,2,8,6,34,17,3,0,4,3,8,34,0.4294737,-6.578297,0.05263158
5,30,3,13,6,33,18,2,0,2,3,7,33,0.4168421,-6.830228,0.03684211
2,34,1,15,3,36,18,1,0,1,2,5,36,0.4547368,-7.158058,0.02105263
1,29,1,14,6,37,19,3,0,1,1,7,37,0.4673684,-6.663785,0.05263158
1,33,1,14,3,37,19,2,0,1,1,4,37,0.4673684,-7.044331,0.02894737
3,29,1,20,9,34,18,3,0,0,3,7,35,0.4421053,-6.653038,0.05
2,33,1,12,3,36,33,2,0,0,2,5,36,0.4547368,-7.027753,0.02894737
1,32,1,13,3,37,19,2,0,0,1,5,37,0.4673684,-7.044331,0.02894737
8,25,2,18,13,27,12,5,0,0,7,7,30,0.3789474,-5.971065,0.07631579
1,33,1,20,4,37,19,2,0,0,1,4,37,0.4673684,-6.959765,0.03421053
2,32,1,9,4,36,18,2,0,0,2,5,36,0.4547368,-7.158058,0.02105263
0,25,0,11,11,38,38,3,1,4,0,9,38,0.48,-6.030292,0.09473684
3,29,1,11,7,35,19,2,0,1,3,8,35,0.4421053,-6.608387,0.05263158
1,27,1,11,6,37,37,2,1,2,1,9,37,0.4673684,-6.663785,0.05263158
2,23,1,5,9,34,18,3,0,2,2,9,36,0.4547368,-6.376231,0.06842105
3,33,1,12,4,35,18,2,0,1,3,5,35,0.4421053,-7.099551,0.02368421
3,27,1,7,6,34,18,2,0,3,3,10,35,0.4421053,-6.653038,0.05
2,29,1,15,6,36,18,2,0,2,2,7,36,0.4547368,-6.767144,0.04473684
3,31,1,11,5,35,18,2,1,1,3,6,35,0.4421053,-6.653038,0.05
5,36,1,16,1,33,10,1,0,0,5,3,33,0.4168421,-7.350536,0.007894737
2,22,1,7,10,36,19,4,0,5,2,6,36,0.4547368,-6.115622,0.08421053
3,32,2,10,3,34,19,2,0,1,2,5,35,0.4421053,-6.920946,0.03421053
2,29,1,9,5,36,18,2,0,2,2,8,36,0.4547368,-6.897449,0.03684211
1,29,1,9,7,37,37,3,0,3,1,6,37,0.4673684,-6.494654,0.06315789
2,29,1,12,6,36,19,2,0,2,2,5,36,0.4547368,-6.63684,0.05263158
0,35,0,18,3,38,38,1,1,1,0,3,38,0.48,-6.771721,0.04736842
3,27,1,7,7,35,18,3,0,3,3,10,35,0.4421053,-6.608387,0.05263158
2,20,1,3,9,35,21,3,0,6,2,12,36,0.4547368,-6.115622,0.08421053
3,33,2,20,5,35,18,2,0,0,2,5,35,0.4421053,-7.010248,0.02894737
2,27,1,11,9,36,27,3,1,2,2,8,36,0.4547368,-6.332796,0.07105263
0,23,0,7,8,38,38,3,0,5,0,10,38,0.48,-6.236244,0.08157895
1,25,1,4,7,37,19,3,1,1,1,10,37,0.4673684,-6.452371,0.06578947
0,31,0,11,6,38,38,2,0,1,0,5,38,0.48,-6.812912,0.04473684
3,27,1,18,10,34,20,7,0,0,3,6,35,0.4421053,-6.251177,0.07368421
3,31,1,18,6,34,24,4,0,0,3,3,35,0.4421053,-6.429782,0.06315789
1,33,1,11,3,36,19,1,0,1,1,5,37,0.4673684,-7.044331,0.02894737
1,34,1,13,3,37,37,1,0,1,1,5,37,0.4673684,-7.086614,0.02631579
3,35,1,21,2,35,18,1,0,0,3,4,35,0.4421053,-7.278156,0.01315789
1,29,1,13,6,37,37,2,0,2,1,9,37,0.4673684,-6.706068,0.05
1,32,1,18,4,37,23,2,0,0,1,5,37,0.4673684,-6.663785,0.05263158
4,24,1,7,11,33,14,5,0,3,4,9,34,0.4294737,-6.164856,0.07631579
0,18,0,4,11,37,38,4,0,2,0,11,38,0.48,-5.947911,0.1
1,33,1,15,4,37,37,1,0,1,1,6,37,0.4673684,-7.002048,0.03157895
1,25,1,8,8,37,19,4,1,1,1,8,37,0.4673684,-6.410088,0.06842105
2,36,1,15,1,36,18,1,0,0,2,3,36,0.4547368,-7.375232,0.007894737
2,29,1,18,9,36,20,6,0,0,2,5,36,0.4547368,-6.332796,0.07105263
1,29,1,18,8,37,37,3,0,0,1,6,37,0.4673684,-6.579219,0.05789474
4,31,2,16,6,33,24,2,0,0,3,6,34,0.4294737,-6.807986,0.03947368
1,34,1,17,2,37,37,1,0,1,1,5,37,0.4673684,-7.086614,0.02631579
2,32,1,18,5,36,28,2,0,0,2,6,36,0.4547368,-6.897449,0.03684211
0,21,0,10,12,38,38,5,1,1,0,6,38,0.48,-5.90672,0.1026316
3,35,1,19,3,35,18,2,0,0,3,3,35,0.4421053,-7.188853,0.01842105
1,24,1,5,9,37,29,3,0,1,1,10,37,0.4673684,-6.325522,0.07368421
0,27,0,15,9,38,38,3,1,1,0,7,38,0.48,-6.153863,0.08684211
3,31,1,18,7,34,22,1,0,0,3,8,35,0.4421053,-6.742341,0.04473684
0,32,0,18,6,38,38,3,0,0,0,4,38,0.48,-6.854102,0.04210526
0,29,0,18,7,38,38,2,0,0,0,8,38,0.48,-6.606959,0.05789474
1,26,1,5,7,37,37,2,0,4,1,11,37,0.4673684,-6.410088,0.06842105
1,31,1,17,5,37,19,1,0,1,1,7,37,0.4673684,-6.832917,0.04210526
3,28,2,14,8,35,18,2,0,2,2,8,35,0.4421053,-6.653038,0.05
1,33,1,19,5,37,19,1,0,0,1,5,37,0.4673684,-6.8752,0.03947368
2,28,1,9,8,36,18,4,0,2,2,7,36,0.4547368,-6.680275,0.05
1,28,1,9,5,37,37,3,0,0,1,8,37,0.4673684,-6.748351,0.04736842
1,31,1,9,5,36,19,2,0,2,1,6,37,0.4673684,-6.790634,0.04473684
4,29,3,13,7,34,19,2,0,2,2,6,34,0.4294737,-6.532359,0.05526316
2,30,1,10,4,35,18,3,0,1,2,7,36,0.4547368,-6.984318,0.03157895
2,22,1,3,8,34,34,2,0,4,2,13,36,0.4547368,-6.332796,0.07105263
2,34,1,17,3,36,18,1,0,1,2,5,36,0.4547368,-7.201492,0.01842105
1,28,1,9,8,37,37,3,1,1,1,7,37,0.4673684,-6.494654,0.06315789
4,31,1,21,7,34,18,2,0,0,4,6,34,0.4294737,-6.807986,0.03947368
1,32,1,20,6,37,19,2,0,0,1,5,37,0.4673684,-6.917483,0.03684211
1,34,1,13,3,36,37,1,0,0,1,4,37,0.4673684,-7.17118,0.02105263
1,28,1,5,6,36,37,2,0,3,1,9,37,0.4673684,-6.579219,0.05789474
0,26,0,11,8,37,38,4,1,2,0,8,38,0.48,-6.195054,0.08421053
0,26,0,6,8,38,38,2,1,1,0,9,38,0.48,-6.236244,0.08157895
3,30,1,9,4,35,19,2,1,2,3,7,35,0.4421053,-6.69769,0.04736842
1,25,1,18,13,37,37,6,0,0,1,6,37,0.4673684,-6.240956,0.07894737
1,29,1,14,6,37,19,2,0,1,1,6,37,0.4673684,-6.917483,0.03684211
2,27,1,11,9,36,33,5,0,0,2,6,36,0.4547368,-6.4631,0.06315789
1,23,1,18,15,36,23,5,0,0,1,5,37,0.4673684,-5.775844,0.1078947
2,29,1,18,7,36,35,5,0,0,2,6,36,0.4547368,-6.593405,0.05526316
1,27,1,19,9,37,19,4,0,0,1,5,37,0.4673684,-6.367805,0.07105263
2,34,1,18,4,36,32,1,0,0,2,5,36,0.4547368,-7.071188,0.02631579
3,32,1,14,4,35,18,3,0,1,3,5,35,0.4421053,-7.010248,0.02894737
2,26,1,7,7,36,19,2,0,4,2,8,36,0.4547368,-6.4631,0.06315789
6,28,2,18,9,32,20,2,0,0,4,8,32,0.4042105,-6.073881,0.07631579
1,33,1,10,4,37,37,1,0,1,1,6,37,0.4673684,-6.959765,0.03421053
0,27,0,11,6,38,38,3,1,2,0,8,38,0.48,-6.483387,0.06578947
0,32,0,16,3,38,38,1,1,1,0,6,38,0.48,-6.73053,0.05
0,23,0,8,12,37,38,5,0,3,0,8,38,0.48,-5.989101,0.09736842
3,32,2,17,4,34,18,3,0,2,2,5,35,0.4421053,-6.965597,0.03157895
2,30,1,18,7,36,34,2,0,0,2,7,36,0.4547368,-6.680275,0.05
1,26,1,7,8,37,19,3,0,2,1,8,37,0.4673684,-6.579219,0.05789474
2,30,1,6,4,36,18,2,0,2,2,8,36,0.4547368,-6.984318,0.03157895
2,31,1,12,5,36,18,3,0,2,2,6,36,0.4547368,-6.940883,0.03421053
3,32,1,10,4,35,18,1,0,0,3,7,35,0.4421053,-7.0549,0.02631579
3,26,1,7,7,35,18,3,0,3,3,8,35,0.4421053,-6.69769,0.04736842
1,25,1,9,9,37,36,3,0,3,1,8,37,0.4673684,-6.198673,0.08157895
2,28,1,9,9,36,18,3,0,1,2,7,36,0.4547368,-6.680275,0.05
2,29,1,8,6,36,18,2,0,1,2,9,36,0.4547368,-6.810579,0.04210526
2,24,1,11,11,36,18,6,0,2,2,6,36,0.4547368,-6.115622,0.08421053
4,28,2,8,7,34,14,4,0,1,3,7,34,0.4294737,-6.486421,0.05789474
2,35,1,22,2,36,18,2,0,1,2,3,36,0.4547368,-7.244927,0.01578947
1,25,1,5,9,37,19,2,0,4,1,10,37,0.4673684,-6.452371,0.06578947
1,23,1,7,10,37,23,3,1,2,1,8,37,0.4673684,-6.15639,0.08421053
1,27,1,18,9,37,37,6,0,0,1,4,37,0.4673684,-6.325522,0.07368421
5,36,1,21,2,33,18,2,0,0,5,2,33,0.4168421,-7.303236,0.01052632
1,25,1,9,11,37,31,3,0,1,1,8,37,0.4673684,-6.15639,0.08421053
1,30,1,16,6,37,19,1,0,2,1,8,37,0.4673684,-6.748351,0.04736842
2,32,1,18,3,36,19,2,0,1,2,5,36,0.4547368,-6.940883,0.03421053
2,30,1,13,5,36,18,1,0,2,2,9,36,0.4547368,-6.854014,0.03947368
3,31,1,10,5,34,21,2,0,2,3,7,35,0.4421053,-6.786992,0.04210526
3,31,1,19,6,34,19,2,1,1,3,5,35,0.4421053,-6.653038,0.05
2,34,1,10,3,36,18,2,0,1,2,4,36,0.4547368,-7.201492,0.01842105
3,34,1,16,3,35,18,2,0,0,3,4,35,0.4421053,-7.188853,0.01842105
1,22,1,9,11,36,21,7,0,4,1,7,37,0.4673684,-6.029542,0.09210526
3,31,1,15,4,34,19,2,0,2,3,6,35,0.4421053,-6.876295,0.03684211
4,34,1,13,2,34,18,1,0,1,4,5,34,0.4294737,-7.221426,0.01578947
3,32,1,10,3,34,18,2,0,0,3,6,35,0.4421053,-7.099551,0.02368421
2,29,1,20,8,36,19,4,0,0,2,5,36,0.4547368,-6.419666,0.06578947
2,31,1,11,4,36,18,2,0,2,2,7,36,0.4547368,-6.984318,0.03157895
2,31,1,21,7,36,18,3,0,0,2,6,36,0.4547368,-6.897449,0.03684211
2,27,1,13,10,35,23,4,0,0,2,5,36,0.4547368,-6.854014,0.03947368
2,27,1,8,8,36,24,3,0,0,2,8,36,0.4547368,-6.63684,0.05263158
1,30,1,18,8,36,37,3,0,0,1,6,37,0.4673684,-6.579219,0.05789474
1,25,1,5,7,35,26,2,0,0,1,10,37,0.4673684,-6.283239,0.07631579
3,30,1,19,8,35,18,3,0,0,3,7,35,0.4421053,-6.69769,0.04736842
1,20,1,4,9,37,19,4,0,6,1,11,37,0.4673684,-6.114107,0.08684211
1,24,1,7,9,35,37,2,0,1,1,11,37,0.4673684,-6.452371,0.06578947
2,29,1,13,6,36,18,2,0,2,2,7,36,0.4547368,-6.723709,0.04736842
0,25,0,5,6,38,38,3,2,4,0,9,38,0.48,-6.153863,0.08684211
0,29,0,16,8,36,38,2,1,1,0,8,38,0.48,-6.565768,0.06052632
0,33,0,18,5,38,38,1,0,0,0,5,38,0.48,-7.060055,0.02894737
2,31,1,23,7,35,18,4,0,0,2,4,36,0.4547368,-6.897449,0.03684211
3,32,1,14,5,35,18,2,0,1,3,6,35,0.4421053,-6.876295,0.03684211
1,28,1,16,9,36,26,2,0,1,1,7,37,0.4673684,-6.410088,0.06842105
3,31,1,9,3,35,18,2,0,2,3,6,35,0.4421053,-7.010248,0.02894737
1,28,1,8,5,37,19,2,0,3,1,8,37,0.4673684,-6.748351,0.04736842
2,32,1,8,4,36,19,1,0,1,2,6,36,0.4547368,-6.723709,0.04736842
2,33,1,12,3,36,19,1,0,1,2,5,36,0.4547368,-7.071188,0.02631579
2,24,1,13,10,35,19,8,0,2,2,5,36,0.4547368,-6.289361,0.07368421
1,24,1,18,13,37,37,6,0,0,1,5,37,0.4673684,-6.071825,0.08947368
2,28,1,9,9,36,25,3,1,1,2,8,36,0.4547368,-6.376231,0.06842105
0,26,0,12,8,38,38,2,0,1,0,9,38,0.48,-6.483387,0.06578947
4,34,2,10,3,34,18,1,0,1,3,5,34,0.4294737,-7.175489,0.01842105
1,34,1,19,4,37,19,2,0,0,1,3,37,0.4673684,-7.086614,0.02631579
1,26,1,9,10,36,26,4,0,2,1,7,37,0.4673684,-6.240956,0.07894737
3,31,1,19,7,35,18,4,0,0,3,5,35,0.4421053,-6.876295,0.03684211
2,26,1,7,9,35,31,4,0,2,2,7,36,0.4547368,-6.419666,0.06578947
3,33,1,24,5,34,19,2,0,0,3,4,35,0.4421053,-6.742341,0.04473684
2,32,1,19,6,36,18,2,0,0,2,6,36,0.4547368,-6.940883,0.03421053
3,32,1,21,6,35,18,2,0,0,3,6,35,0.4421053,-6.965597,0.03157895
1,25,1,5,8,37,19,2,0,3,1,9,37,0.4673684,-6.536936,0.06052632
2,33,1,10,3,36,18,1,0,0,2,6,36,0.4547368,-7.201492,0.01842105
1,19,1,5,9,36,37,6,0,6,1,10,37,0.4673684,-6.029542,0.09210526
3,34,1,9,2,35,18,1,0,1,3,4,35,0.4421053,-7.233505,0.01578947
1,26,1,6,7,37,37,2,0,4,1,10,37,0.4673684,-6.452371,0.06578947
3,32,1,20,5,35,13,1,0,0,3,6,35,0.4421053,-6.69769,0.04736842
2,24,1,8,9,36,18,4,0,4,2,7,36,0.4547368,-6.159057,0.08157895
0,27,0,17,9,38,38,5,0,2,0,6,38,0.48,-6.153863,0.08684211
3,33,1,18,5,35,20,2,0,0,3,5,35,0.4421053,-6.965597,0.03157895
3,28,1,7,6,35,18,3,0,2,3,8,35,0.4421053,-6.786992,0.04210526
1,29,1,18,8,37,26,2,0,0,1,7,37,0.4673684,-6.325522,0.07368421
1,31,1,13,5,37,37,2,1,1,1,6,37,0.4673684,-6.748351,0.04736842
4,33,1,15,3,34,30,1,1,1,4,5,34,0.4294737,-6.807986,0.03947368
1,33,1,18,5,37,37,2,0,0,1,5,37,0.4673684,-7.002048,0.03157895
2,23,1,19,12,35,19,10,0,0,2,4,36,0.4547368,-6.072187,0.08684211
2,29,1,17,8,35,18,2,0,1,2,9,36,0.4547368,-6.767144,0.04473684
2,25,1,7,8,36,20,3,0,2,2,9,36,0.4547368,-6.593405,0.05526316
0,28,0,10,7,38,38,4,0,3,0,7,38,0.48,-6.318625,0.07631579
1,28,1,16,8,36,19,3,0,2,1,6,37,0.4673684,-6.579219,0.05789474
2,29,1,18,9,36,25,4,0,0,2,7,36,0.4547368,-6.419666,0.06578947
2,35,1,15,1,36,18,1,0,0,2,3,36,0.4547368,-7.114623,0.02368421
1,27,1,12,7,37,19,3,0,3,1,8,37,0.4673684,-6.579219,0.05789474
1,22,1,7,10,37,20,3,0,5,1,10,37,0.4673684,-6.029542,0.09210526
1,31,1,14,5,37,37,2,1,2,1,6,37,0.4673684,-6.663785,0.05263158
4,27,1,9,9,33,19,2,0,1,4,9,34,0.4294737,-6.71611,0.04473684
2,33,1,16,4,36,19,1,0,2,2,5,36,0.4547368,-6.810579,0.04210526
2,28,1,17,8,35,18,4,0,1,2,8,36,0.4547368,-6.593405,0.05526316
1,26,1,13,9,37,20,2,1,1,1,8,37,0.4673684,-6.029542,0.09210526
3,24,2,16,12,35,19,4,0,1,2,6,35,0.4421053,-5.938618,0.09210526
2,33,1,23,4,36,18,2,0,1,2,4,36,0.4547368,-7.114623,0.02368421
0,30,0,11,5,38,38,2,0,3,0,6,38,0.48,-6.73053,0.05
4,27,1,5,6,34,18,2,0,2,4,9,34,0.4294737,-6.670172,0.04736842
1,27,1,11,7,36,23,2,1,2,1,7,37,0.4673684,-6.410088,0.06842105
0,24,0,18,12,37,38,5,0,0,0,7,38,0.48,-6.071482,0.09210526
1,16,1,4,12,37,19,9,0,9,1,8,37,0.4673684,-5.648996,0.1157895
2,23,1,6,11,36,28,6,0,1,2,7,36,0.4547368,-6.419666,0.06578947
3,29,1,16,5,35,18,3,0,2,3,6,35,0.4421053,-6.742341,0.04473684
3,32,1,12,4,35,18,1,0,1,3,7,35,0.4421053,-7.010248,0.02894737
3,27,1,19,10,35,18,4,0,0,3,6,35,0.4421053,-6.429782,0.06315789
1,23,1,5,8,37,19,3,0,5,1,9,37,0.4673684,-6.325522,0.07368421
1,25,1,15,10,37,37,5,1,1,1,8,37,0.4673684,-6.198673,0.08157895
2,32,1,11,4,36,18,1,0,0,2,6,36,0.4547368,-7.158058,0.02105263
0,28,0,10,6,38,38,4,1,2,0,6,38,0.48,-6.524578,0.06315789
2,33,1,12,4,36,18,1,0,0,2,5,36,0.4547368,-7.244927,0.01578947
1,25,1,11,9,37,37,3,0,2,1,9,37,0.4673684,-6.325522,0.07368421
0,26,0,6,7,38,38,3,1,3,0,9,38,0.48,-6.236244,0.08157895
0,30,0,9,5,38,38,2,0,0,0,7,38,0.48,-6.68934,0.05263158
1,34,1,18,3,37,37,3,0,0,1,3,37,0.4673684,-6.959765,0.03421053
2,29,1,19,9,35,18,4,0,0,2,5,36,0.4547368,-6.593405,0.05526316
2,27,1,15,8,36,18,3,0,2,2,7,36,0.4547368,-6.54997,0.05789474
2,30,1,9,6,36,18,2,0,0,2,8,36,0.4547368,-6.897449,0.03684211
1,24,1,11,12,37,34,4,0,2,1,9,37,0.4673684,-5.902693,0.1
3,36,1,23,2,35,18,1,0,0,3,3,35,0.4421053,-7.322807,0.01052632
2,23,1,11,12,36,20,9,0,0,2,6,36,0.4547368,-5.898448,0.09736842
2,25,1,4,8,36,18,3,0,2,2,9,36,0.4547368,-6.63684,0.05263158
2,32,1,18,6,36,25,1,0,0,2,7,36,0.4547368,-6.897449,0.03684211
2,36,1,22,2,36,18,1,0,0,2,3,36,0.4547368,-7.331797,0.01052632
4,33,1,20,5,34,15,1,0,0,4,6,34,0.4294737,-7.037675,0.02631579
2,24,1,7,8,36,18,2,0,1,2,9,36,0.4547368,-6.506535,0.06052632
1,33,1,18,5,37,37,2,0,0,1,5,37,0.4673684,-6.959765,0.03421053
3,28,1,13,9,35,18,3,0,1,3,8,35,0.4421053,-6.608387,0.05263158
1,26,1,6,7,37,37,3,0,2,1,9,37,0.4673684,-6.536936,0.06052632
2,28,1,6,6,36,18,2,0,3,2,9,36,0.4547368,-6.723709,0.04736842
0,26,0,18,11,37,38,5,0,0,0,5,38,0.48,-6.236244,0.08157895
1,31,1,9,6,37,37,1,0,1,1,8,37,0.4673684,-6.706068,0.05
5,30,1,9,6,33,11,2,0,2,5,8,33,0.4168421,-6.782927,0.03947368
4,31,1,21,6,34,18,3,0,0,4,5,34,0.4294737,-6.807986,0.03947368
3,29,2,15,7,33,25,2,0,2,2,6,35,0.4421053,-6.563736,0.05526316
1,27,1,11,7,36,19,3,0,3,1,9,37,0.4673684,-6.536936,0.06052632
0,26,0,7,10,38,38,5,0,1,0,6,38,0.48,-6.236244,0.08157895
2,34,1,22,4,36,18,1,0,0,2,5,36,0.4547368,-7.158058,0.02105263
1,32,1,25,5,37,19,3,0,0,1,3,37,0.4673684,-6.832917,0.04210526
0,29,0,18,9,38,38,3,0,0,0,5,38,0.48,-6.483387,0.06578947
7,32,2,11,5,30,10,2,0,1,6,6,31,0.3915789,-6.878931,0.03157895
1,31,1,18,7,36,37,2,0,0,1,7,37,0.4673684,-6.790634,0.04473684
4,28,1,15,9,34,15,6,0,1,4,5,34,0.4294737,-6.440483,0.06052632
2,24,1,5,11,35,14,3,1,1,2,8,36,0.4547368,-6.072187,0.08684211
0,30,0,8,5,38,38,3,0,2,0,6,38,0.48,-6.565768,0.06052632
1,22,1,4,8,37,25,5,0,5,1,10,37,0.4673684,-6.071825,0.08947368
2,28,1,13,8,36,23,5,0,3,2,7,36,0.4547368,-6.419666,0.06578947
3,26,1,8,9,35,18,4,0,1,3,8,35,0.4421053,-6.563736,0.05526316
1,31,1,9,4,36,19,2,0,2,1,6,37,0.4673684,-6.917483,0.03684211
2,32,1,14,4,36,18,2,0,2,2,4,36,0.4547368,-6.767144,0.04473684
2,29,1,12,6,36,18,2,0,2,2,8,36,0.4547368,-6.810579,0.04210526
3,28,1,11,7,35,19,4,0,0,3,7,35,0.4421053,-6.429782,0.06315789
2,27,2,18,11,35,30,3,0,0,1,6,36,0.4547368,-6.245926,0.07631579
2,31,1,10,5,35,20,2,0,1,2,6,36,0.4547368,-6.810579,0.04210526
0,27,0,5,5,37,38,2,0,2,0,9,38,0.48,-6.565768,0.06052632
1,26,1,14,10,37,20,3,1,2,1,9,37,0.4673684,-6.15639,0.08421053
2,27,1,8,8,35,23,3,0,2,2,9,36,0.4547368,-6.506535,0.06052632
4,32,1,11,5,34,18,2,0,0,4,5,34,0.4294737,-6.807986,0.03947368
2,32,1,18,5,36,19,2,0,0,2,5,36,0.4547368,-6.593405,0.05526316
2,29,1,19,9,36,19,3,0,0,2,6,36,0.4547368,-6.593405,0.05526316
0,25,0,8,7,38,38,3,0,1,0,8,38,0.48,-6.483387,0.06578947
1,31,1,12,4,37,19,2,0,3,1,6,37,0.4673684,-6.790634,0.04473684
1,24,1,14,10,36,19,5,0,2,1,5,37,0.4673684,-6.283239,0.07631579
5,27,2,5,8,32,13,3,0,1,4,9,33,0.4168421,-6.357221,0.06315789
2,24,1,6,9,36,18,3,0,4,2,10,36,0.4547368,-6.419666,0.06578947
1,29,1,12,7,37,19,3,0,2,1,7,37,0.4673684,-6.579219,0.05789474
3,29,1,8,6,35,17,2,0,2,3,8,35,0.4421053,-6.653038,0.05
3,25,1,5,7,35,11,2,0,3,3,10,35,0.4421053,-6.429782,0.06315789
5,33,2,20,4,33,14,1,0,0,3,5,33,0.4168421,-6.782927,0.03947368
7,33,1,18,3,31,18,1,0,1,7,5,31,0.3915789,-7.080069,0.02105263
2,30,1,18,7,36,23,3,0,0,2,7,36,0.4547368,-6.63684,0.05263158
2,30,1,18,7,36,35,3,0,0,2,5,36,0.4547368,-6.593405,0.05526316
0,32,0,12,5,37,38,1,0,0,0,6,38,0.48,-6.812912,0.04473684
2,31,1,20,7,36,18,3,0,0,2,5,36,0.4547368,-6.897449,0.03684211
0,27,0,18,10,38,38,7,0,0,0,4,38,0.48,-6.195054,0.08421053
1,26,1,15,11,37,21,3,1,1,1,8,37,0.4673684,-6.071825,0.08947368
1,32,1,14,3,37,19,2,0,0,1,4,37,0.4673684,-6.917483,0.03684211
2,32,1,10,5,36,19,1,0,2,2,6,36,0.4547368,-6.723709,0.04736842
3,33,1,19,5,35,18,1,0,0,3,6,35,0.4421053,-7.010248,0.02894737
1,28,1,8,5,37,37,2,0,4,1,10,37,0.4673684,-6.706068,0.05
1,26,1,12,9,37,19,3,1,4,1,9,37,0.4673684,-6.240956,0.07894737
2,32,1,21,6,35,18,2,0,0,2,4,36,0.4547368,-6.680275,0.05
3,35,2,22,2,35,18,1,0,1,2,3,35,0.4421053,-7.233505,0.01578947
1,32,1,10,3,37,19,1,1,1,1,6,37,0.4673684,-6.917483,0.03684211
1,23,1,6,9,37,19,3,0,3,1,9,37,0.4673684,-6.283239,0.07631579
2,30,1,9,4,36,18,1,0,2,2,9,36,0.4547368,-6.984318,0.03157895
2,25,1,12,9,36,26,4,1,3,2,9,36,0.4547368,-6.159057,0.08157895
3,37,2,31,1,35,18,1,0,0,2,2,35,0.4421053,-7.41211,0.005263158
3,30,1,19,8,35,18,2,0,0,3,7,35,0.4421053,-6.69769,0.04736842
1,29,1,19,8,37,19,3,0,0,1,6,37,0.4673684,-6.410088,0.06842105
2,32,1,9,3,36,36,1,1,1,2,7,36,0.4547368,-6.897449,0.03684211
2,26,1,11,8,36,19,3,1,1,2,9,36,0.4547368,-6.419666,0.06578947
1,27,1,13,9,37,19,3,0,1,1,7,37,0.4673684,-6.536936,0.06052632
2,26,1,9,9,36,18,2,0,1,2,10,36,0.4547368,-6.54997,0.05789474
2,26,1,15,11,36,18,6,0,1,2,6,36,0.4547368,-6.376231,0.06842105
1,30,1,10,5,37,37,3,0,0,1,5,37,0.4673684,-6.790634,0.04473684
1,30,1,13,7,37,22,4,0,2,1,4,37,0.4673684,-6.410088,0.06842105
0,26,0,17,9,38,38,4,0,1,0,5,38,0.48,-6.359816,0.07368421
2,22,1,18,13,36,28,13,0,0,2,3,36,0.4547368,-5.768143,0.1052632
3,32,1,23,6,35,17,2,0,0,3,5,35,0.4421053,-6.653038,0.05
4,33,1,22,3,34,18,2,0,1,4,5,34,0.4294737,-7.083613,0.02368421
1,28,1,11,8,37,19,3,0,2,1,7,37,0.4673684,-6.494654,0.06315789
4,26,1,18,11,34,22,4,0,0,4,7,34,0.4294737,-5.751416,0.1
2,25,1,9,9,36,19,5,0,1,2,6,36,0.4547368,-6.159057,0.08157895
1,20,1,4,9,37,37,5,0,3,1,11,37,0.4673684,-6.071825,0.08947368
1,28,1,7,6,37,19,2,0,3,1,9,37,0.4673684,-6.621502,0.05526316
2,34,1,16,3,36,19,1,0,1,2,5,36,0.4547368,-6.897449,0.03684211
2,29,1,9,6,36,18,3,0,2,2,6,36,0.4547368,-6.810579,0.04210526
1,25,1,9,11,37,19,3,0,2,1,8,37,0.4673684,-6.198673,0.08157895
2,27,1,9,9,35,19,2,0,2,2,7,36,0.4547368,-6.4631,0.06315789
1,31,1,10,4,37,36,1,1,1,1,7,37,0.4673684,-6.579219,0.05789474
2,33,1,15,3,36,24,2,0,1,2,5,36,0.4547368,-7.071188,0.02631579
2,31,1,11,6,36,18,2,0,1,2,6,36,0.4547368,-6.897449,0.03684211
0,30,0,12,5,38,38,2,1,1,0,5,38,0.48,-6.524578,0.06315789
1,21,1,4,9,37,37,4,0,7,1,10,37,0.4673684,-5.944976,0.09736842
2,34,1,12,2,36,18,2,0,0,2,4,36,0.4547368,-7.244927,0.01578947
2,26,1,8,7,36,18,2,0,1,2,9,36,0.4547368,-6.680275,0.05
2,25,1,8,11,34,25,3,0,2,2,10,36,0.4547368,-6.332796,0.07105263
2,30,1,15,4,36,18,2,0,1,2,6,36,0.4547368,-6.897449,0.03684211
1,31,1,18,6,37,37,3,0,0,1,5,37,0.4673684,-6.748351,0.04736842
2,27,1,5,6,36,18,2,0,3,2,9,36,0.4547368,-6.680275,0.05
1,22,1,15,13,36,37,10,0,4,1,4,37,0.4673684,-5.944976,0.09736842
2,31,1,14,6,36,19,2,1,1,2,6,36,0.4547368,-6.54997,0.05789474
2,29,1,11,6,36,18,2,0,2,2,7,36,0.4547368,-6.767144,0.04473684
5,32,1,15,4,33,15,2,0,1,5,6,33,0.4168421,-6.877529,0.03421053
1,32,1,19,5,37,19,2,0,0,1,5,37,0.4673684,-6.832917,0.04210526
0,31,0,11,4,38,38,1,0,1,0,7,38,0.48,-6.73053,0.05
2,34,2,20,4,36,18,1,0,0,1,4,36,0.4547368,-6.940883,0.03421053
5,30,2,20,7,32,18,2,0,0,4,7,33,0.4168421,-6.641025,0.04736842
1,30,1,18,7,36,37,3,0,0,1,6,37,0.4673684,-6.621502,0.05526316
1,22,1,16,15,36,23,10,0,1,1,5,37,0.4673684,-6.029542,0.09210526
3,28,1,12,7,34,18,4,0,1,3,7,35,0.4421053,-6.608387,0.05263158
2,28,1,9,8,36,19,2,0,2,2,9,36,0.4547368,-6.63684,0.05263158
2,26,1,6,7,36,18,4,0,2,2,7,36,0.4547368,-6.723709,0.04736842
0,26,0,9,8,38,38,2,1,3,0,9,38,0.48,-6.195054,0.08421053
2,30,1,12,5,36,18,2,0,2,2,7,36,0.4547368,-6.767144,0.04473684
1,22,1,5,9,37,37,2,1,5,1,11,37,0.4673684,-6.15639,0.08421053
5,33,1,19,4,33,8,2,0,0,5,4,33,0.4168421,-6.92483,0.03157895
0,24,0,18,11,38,38,5,0,0,0,6,38,0.48,-6.030292,0.09473684
2,22,2,5,9,36,19,3,1,1,1,10,36,0.4547368,-6.115622,0.08421053
1,26,1,15,9,36,22,4,0,1,1,7,37,0.4673684,-6.325522,0.07368421
1,33,1,15,4,36,19,1,1,1,1,5,37,0.4673684,-6.8752,0.03947368
3,32,1,11,4,35,18,2,0,1,3,6,35,0.4421053,-6.965597,0.03157895
2,26,1,10,8,35,34,3,0,2,2,9,36,0.4547368,-6.245926,0.07631579
1,30,1,16,6,37,30,3,1,1,1,4,37,0.4673684,-6.579219,0.05789474
2,34,1,16,3,36,18,2,0,1,2,4,36,0.4547368,-7.158058,0.02105263
2,31,1,14,5,36,18,2,0,1,2,6,36,0.4547368,-6.897449,0.03684211
2,24,1,18,13,36,28,5,0,0,2,6,36,0.4547368,-5.985318,0.09210526
0,28,0,17,7,38,38,2,1,1,0,5,38,0.48,-6.318625,0.07631579
1,27,1,8,7,37,19,2,1,1,1,8,37,0.4673684,-6.536936,0.06052632
3,35,1,19,3,35,18,1,0,0,3,4,35,0.4421053,-7.233505,0.01578947
3,28,1,8,6,35,18,3,0,3,3,9,35,0.4421053,-6.69769,0.04736842
2,33,1,22,4,36,18,2,0,0,2,5,36,0.4547368,-7.027753,0.02894737
1,27,1,9,6,36,19,4,1,3,1,5,37,0.4673684,-6.494654,0.06315789
2,26,1,16,11,36,18,3,0,1,2,7,36,0.4547368,-6.4631,0.06315789
1,34,1,17,3,37,19,1,0,0,1,4,37,0.4673684,-7.128897,0.02368421
3,26,1,11,9,35,18,5,0,2,3,8,35,0.4421053,-6.474433,0.06052632
1,25,1,18,12,36,37,5,0,0,1,6,37,0.4673684,-6.114107,0.08684211
3,26,1,12,10,35,27,5,0,2,3,6,35,0.4421053,-6.295828,0.07105263
2,27,1,6,6,36,18,2,0,2,2,11,36,0.4547368,-6.723709,0.04736842
2,30,1,9,5,36,19,2,0,2,2,6,36,0.4547368,-6.63684,0.05263158
2,32,1,21,5,36,18,3,0,0,2,5,36,0.4547368,-6.940883,0.03421053
2,34,1,13,2,36,18,2,0,1,2,4,36,0.4547368,-7.244927,0.01578947
3,29,1,18,9,34,22,2,0,0,3,7,35,0.4421053,-6.563736,0.05526316
2,25,1,12,10,36,18,3,0,2,2,9,36,0.4547368,-6.332796,0.07105263
2,29,1,11,5,35,18,3,0,2,2,7,36,0.4547368,-6.723709,0.04736842
4,37,1,30,1,34,11,1,0,0,4,2,34,0.4294737,-7.405178,0.005263158
2,34,1,28,4,36,18,3,0,0,2,3,36,0.4547368,-7.114623,0.02368421
2,23,1,4,9,36,18,3,0,3,2,11,36,0.4547368,-6.419666,0.06578947
2,24,1,12,11,36,19,5,1,2,2,6,36,0.4547368,-6.115622,0.08421053
2,24,1,7,11,35,19,3,1,3,2,7,36,0.4547368,-6.028752,0.08947368
2,29,1,9,6,36,18,3,0,2,2,7,36,0.4547368,-6.854014,0.03947368
1,29,1,10,6,37,37,2,0,1,1,7,37,0.4673684,-6.579219,0.05789474
4,32,1,13,4,34,14,2,0,1,4,6,34,0.4294737,-7.037675,0.02631579
5,30,1,7,5,33,14,2,0,2,5,8,33,0.4168421,-6.877529,0.03421053
2,29,1,15,7,36,18,3,1,1,2,6,36,0.4547368,-6.593405,0.05526316
2,34,1,12,2,36,18,2,0,1,2,4,36,0.4547368,-7.244927,0.01578947
0,28,0,15,8,38,38,3,1,1,0,7,38,0.48,-6.359816,0.07368421
2,31,1,19,5,36,18,2,0,2,2,5,36,0.4547368,-6.984318,0.03157895
1,23,1,4,9,36,26,4,1,1,1,10,37,0.4673684,-6.029542,0.09210526
1,25,1,5,7,36,19,4,0,4,1,9,37,0.4673684,-6.367805,0.07105263
2,30,1,7,6,36,18,2,0,0,2,7,36,0.4547368,-6.854014,0.03947368
4,30,1,11,6,34,18,2,0,1,4,8,34,0.4294737,-6.762048,0.04210526
2,27,1,8,8,36,18,3,0,1,2,9,36,0.4547368,-6.63684,0.05263158
4,36,1,19,2,34,18,1,0,0,4,3,34,0.4294737,-7.267364,0.01315789
2,26,1,19,9,35,19,4,0,0,2,6,36,0.4547368,-6.245926,0.07631579
3,28,1,18,9,35,19,2,0,0,3,9,35,0.4421053,-6.295828,0.07105263
0,24,0,7,7,37,38,4,1,5,0,7,38,0.48,-6.195054,0.08421053
1,26,1,5,7,37,19,3,0,2,1,10,37,0.4673684,-6.410088,0.06842105
2,31,1,17,6,36,18,2,0,1,2,6,36,0.4547368,-6.940883,0.03421053
1,21,1,7,11,35,35,6,1,4,1,9,37,0.4673684,-5.902693,0.1
5,30,2,14,7,33,18,4,0,1,4,6,33,0.4168421,-6.782927,0.03947368
5,26,1,8,8,33,16,3,0,3,5,8,33,0.4168421,-6.451822,0.05789474
4,26,1,6,7,31,14,4,0,3,4,10,34,0.4294737,-6.670172,0.04736842
0,28,0,9,6,37,38,2,1,1,0,7,38,0.48,-6.648149,0.05526316
2,31,1,17,6,36,29,3,0,1,2,4,36,0.4547368,-6.63684,0.05263158
2,28,1,7,6,36,18,2,0,1,2,9,36,0.4547368,-6.810579,0.04210526
2,31,2,15,6,36,19,2,0,0,1,6,36,0.4547368,-6.767144,0.04473684
0,26,0,9,6,38,38,2,0,5,0,8,38,0.48,-6.277435,0.07894737
2,21,1,4,9,36,18,4,0,5,2,12,36,0.4547368,-6.376231,0.06842105
1,31,1,18,6,37,37,2,0,0,1,7,37,0.4673684,-6.832917,0.04210526
4,33,1,19,5,34,18,2,0,0,4,5,34,0.4294737,-6.991737,0.02894737
1,33,1,11,3,37,37,1,0,1,1,6,37,0.4673684,-6.959765,0.03421053
4,29,2,21,6,34,12,3,0,0,3,5,34,0.4294737,-6.486421,0.05789474
2,30,1,8,4,36,18,2,0,2,2,7,36,0.4547368,-6.940883,0.03421053
1,29,1,17,7,37,19,3,0,2,1,7,37,0.4673684,-6.494654,0.06315789
4,29,1,22,8,34,12,2,0,0,4,5,34,0.4294737,-6.30267,0.06842105
2,27,1,7,8,35,18,2,0,3,2,10,36,0.4547368,-6.680275,0.05
3,30,1,8,4,35,18,1,0,3,3,9,35,0.4421053,-6.920946,0.03421053
3,30,1,11,4,35,19,2,0,2,3,8,35,0.4421053,-6.831643,0.03947368
1,29,1,7,6,35,36,2,0,2,1,7,37,0.4673684,-6.663785,0.05263158
0,27,0,8,7,38,38,3,1,3,0,7,38,0.48,-6.359816,0.07368421
3,30,1,12,6,35,18,3,0,2,3,6,35,0.4421053,-6.831643,0.03947368
1,29,1,18,7,36,25,2,0,1,1,6,37,0.4673684,-6.410088,0.06842105
4,27,2,11,7,34,18,5,0,2,3,6,34,0.4294737,-6.578297,0.05263158
1,32,1,11,4,37,37,2,0,1,1,6,37,0.4673684,-6.959765,0.03421053
3,32,1,7,4,35,18,1,0,2,3,7,35,0.4421053,-7.010248,0.02894737
2,29,1,15,6,36,18,4,0,1,2,6,36,0.4547368,-6.854014,0.03947368
2,29,1,12,7,36,18,3,0,1,2,6,36,0.4547368,-6.767144,0.04473684
3,30,1,7,4,35,16,1,0,2,3,8,35,0.4421053,-6.831643,0.03947368
3,30,1,10,5,35,18,1,0,1,3,8,35,0.4421053,-6.653038,0.05
2,28,1,6,5,35,18,3,0,2,2,8,36,0.4547368,-6.810579,0.04210526
1,28,1,9,6,37,37,3,1,4,1,7,37,0.4673684,-6.452371,0.06578947
0,27,0,11,8,38,38,3,2,2,0,7,38,0.48,-6.277435,0.07894737
1,28,1,12,6,37,34,2,1,2,1,7,37,0.4673684,-6.325522,0.07368421
0,28,0,7,7,37,38,2,0,2,0,8,38,0.48,-6.442197,0.06842105
1,34,1,18,3,37,37,1,0,0,1,5,37,0.4673684,-7.002048,0.03157895
2,30,1,8,5,36,19,2,0,1,2,7,36,0.4547368,-6.854014,0.03947368
0,25,0,18,11,37,38,6,0,1,0,4,38,0.48,-5.989101,0.09736842
2,25,1,7,9,36,19,3,0,2,2,7,36,0.4547368,-6.332796,0.07105263
3,33,1,13,3,35,18,1,0,1,3,6,35,0.4421053,-7.144202,0.02105263
2,32,1,12,5,36,19,1,0,2,2,6,36,0.4547368,-6.63684,0.05263158
1,26,1,15,11,36,37,5,0,1,1,7,37,0.4673684,-6.452371,0.06578947
1,31,1,14,3,36,24,1,1,2,1,7,37,0.4673684,-6.790634,0.04473684
3,32,1,13,5,35,18,2,0,0,3,6,35,0.4421053,-7.188853,0.01842105
0,25,0,12,9,37,38,5,0,0,0,7,38,0.48,-6.318625,0.07631579
1,26,1,12,10,37,19,4,0,2,1,5,37,0.4673684,-6.325522,0.07368421
2,23,1,11,12,35,23,4,0,2,2,8,36,0.4547368,-6.072187,0.08684211
1,28,1,14,8,36,37,4,1,1,1,6,37,0.4673684,-6.452371,0.06578947
1,24,1,6,8,37,37,4,0,0,1,9,37,0.4673684,-6.494654,0.06315789
2,31,1,10,4,36,18,2,0,1,2,7,36,0.4547368,-7.071188,0.02631579
3,31,1,23,6,35,19,2,0,0,3,5,35,0.4421053,-6.69769,0.04736842
1,28,1,18,10,36,34,5,0,0,1,6,37,0.4673684,-6.240956,0.07894737
1,27,1,9,7,36,19,3,0,1,1,7,37,0.4673684,-6.663785,0.05263158
0,31,0,18,7,37,38,1,0,0,0,7,38,0.48,-6.648149,0.05526316
3,34,2,25,4,35,18,2,0,0,2,4,35,0.4421053,-7.099551,0.02368421
1,30,1,14,5,37,19,3,0,2,1,6,37,0.4673684,-6.748351,0.04736842
1,29,1,21,8,37,19,2,0,1,1,6,37,0.4673684,-6.579219,0.05789474
1,29,1,10,7,37,19,2,0,0,1,7,37,0.4673684,-6.748351,0.04736842
3,26,1,6,7,35,17,2,0,0,3,8,35,0.4421053,-6.429782,0.06315789
3,27,1,7,7,34,13,3,0,1,3,8,35,0.4421053,-6.429782,0.06315789
0,25,0,6,8,38,38,4,1,4,0,8,38,0.48,-6.071482,0.09210526
1,30,1,13,5,37,19,2,1,2,1,7,37,0.4673684,-6.706068,0.05
5,35,1,18,2,33,12,1,0,1,5,4,33,0.4168421,-7.255935,0.01315789
4,21,1,7,11,34,19,5,0,3,4,7,34,0.4294737,-5.889229,0.09210526
0,29,0,18,6,38,38,4,0,0,0,6,38,0.48,-6.483387,0.06578947
2,33,1,15,4,36,29,3,0,0,2,3,36,0.4547368,-7.114623,0.02368421
2,27,1,8,8,36,18,2,0,1,2,10,36,0.4547368,-6.680275,0.05
1,32,1,10,3,37,37,2,0,2,1,6,37,0.4673684,-7.002048,0.03157895
3,35,1,30,3,35,18,2,0,0,3,3,35,0.4421053,-7.188853,0.01842105
2,27,2,12,8,35,20,3,1,1,1,7,36,0.4547368,-6.159057,0.08157895
1,18,1,5,11,37,19,5,1,6,1,8,37,0.4673684,-5.775844,0.1078947
1,31,1,9,6,37,19,3,0,1,1,5,37,0.4673684,-6.8752,0.03947368
1,29,1,8,6,37,19,3,0,0,1,7,37,0.4673684,-6.706068,0.05
2,24,1,9,9,36,19,3,0,4,2,8,36,0.4547368,-6.115622,0.08421053
5,30,2,19,8,33,18,3,0,0,4,6,33,0.4168421,-6.688326,0.04473684
2,33,1,22,4,36,18,2,0,0,2,4,36,0.4547368,-7.114623,0.02368421
3,31,1,18,6,35,27,3,0,0,3,6,35,0.4421053,-6.608387,0.05263158
5,31,2,11,5,32,17,2,0,1,4,7,33,0.4168421,-6.92483,0.03157895
2,24,1,7,9,36,18,3,0,3,2,9,36,0.4547368,-6.245926,0.07631579
1,26,1,9,9,35,19,2,0,2,1,8,37,0.4673684,-6.410088,0.06842105
2,27,1,10,6,36,28,3,1,3,2,7,36,0.4547368,-6.376231,0.06842105
1,26,1,10,8,37,37,2,0,1,1,9,37,0.4673684,-6.410088,0.06842105
1,24,1,5,8,36,19,3,0,3,1,10,37,0.4673684,-6.410088,0.06842105
1,25,1,12,11,37,27,6,1,2,1,5,37,0.4673684,-5.944976,0.09736842
2,27,1,6,7,36,18,3,0,3,2,10,36,0.4547368,-6.593405,0.05526316
2,33,1,20,4,35,19,1,0,0,2,5,36,0.4547368,-6.723709,0.04736842
8,27,2,8,7,29,7,2,0,5,7,8,30,0.3789474,-5.971065,0.07631579
1,22,1,4,9,37,19,2,0,0,1,11,37,0.4673684,-6.198673,0.08157895
3,31,1,24,7,34,18,2,0,0,3,6,35,0.4421053,-6.831643,0.03947368
1,29,1,20,9,37,19,3,0,0,1,5,37,0.4673684,-6.494654,0.06315789
1,23,1,6,9,36,19,6,0,5,1,8,37,0.4673684,-6.283239,0.07631579
5,32,1,15,4,33,18,2,0,2,5,6,33,0.4168421,-6.92483,0.03157895
2,27,1,9,9,36,19,2,0,2,2,8,36,0.4547368,-6.506535,0.06052632
2,31,1,13,4,36,18,2,0,2,2,5,36,0.4547368,-7.071188,0.02631579
4,24,1,6,8,34,15,3,0,5,4,10,34,0.4294737,-6.210794,0.07368421
2,34,1,11,3,36,18,1,0,0,2,5,36,0.4547368,-7.288362,0.01315789
1,25,1,9,9,36,20,3,0,4,1,8,37,0.4673684,-6.15639,0.08421053
5,35,1,24,2,33,9,1,0,1,5,4,33,0.4168421,-7.255935,0.01315789
3,30,1,21,8,35,18,2,0,0,3,7,35,0.4421053,-6.69769,0.04736842
0,23,0,18,14,38,38,6,0,0,0,6,38,0.48,-5.783149,0.1105263
3,27,1,11,7,34,23,4,1,2,3,8,35,0.4421053,-6.340479,0.06842105
1,33,1,12,2,37,19,2,0,0,1,4,37,0.4673684,-7.002048,0.03157895
2,26,1,7,7,36,19,3,1,3,2,10,36,0.4547368,-6.332796,0.07105263
1,30,1,7,4,37,19,1,0,2,1,8,37,0.4673684,-6.832917,0.04210526
1,23,1,7,10,35,30,5,0,2,1,10,37,0.4673684,-6.452371,0.06578947
1,29,1,16,8,36,19,2,0,1,1,8,37,0.4673684,-6.621502,0.05526316
1,24,1,4,7,36,19,2,0,5,1,11,37,0.4673684,-6.325522,0.07368421
1,29,1,12,7,37,37,2,1,1,1,9,37,0.4673684,-6.452371,0.06578947
3,33,1,13,3,35,18,2,0,1,3,5,35,0.4421053,-7.144202,0.02105263
2,27,1,18,10,34,36,4,0,0,2,7,36,0.4547368,-6.376231,0.06842105
0,29,0,18,9,37,38,3,0,0,0,6,38,0.48,-6.565768,0.06052632
2,29,1,11,7,35,19,3,0,2,2,6,36,0.4547368,-6.723709,0.04736842
2,31,1,10,5,36,18,2,0,2,2,7,36,0.4547368,-6.897449,0.03684211
3,33,1,15,3,35,18,2,0,1,3,5,35,0.4421053,-7.144202,0.02105263
2,30,1,11,5,36,18,2,0,3,2,8,36,0.4547368,-6.767144,0.04473684
4,32,1,7,3,34,16,1,0,1,4,7,34,0.4294737,-7.083613,0.02368421
2,29,1,18,8,36,30,3,0,0,2,6,36,0.4547368,-6.54997,0.05789474
2,26,1,17,11,36,21,3,0,1,2,6,36,0.4547368,-6.115622,0.08421053
1,32,1,18,6,37,33,2,0,0,1,4,37,0.4673684,-6.579219,0.05789474
1,29,1,11,6,37,19,3,0,2,1,6,37,0.4673684,-6.706068,0.05
1,32,1,11,3,37,19,2,1,1,1,5,37,0.4673684,-6.917483,0.03684211
4,30,1,20,8,34,17,3,0,0,4,5,34,0.4294737,-6.486421,0.05789474
1,31,1,9,4,36,19,2,0,1,1,6,37,0.4673684,-6.959765,0.03421053
2,31,1,14,5,36,18,2,0,2,2,6,36,0.4547368,-6.940883,0.03421053
0,18,0,3,12,38,38,4,0,2,0,12,38,0.48,-5.947911,0.1
2,27,1,6,7,35,28,4,1,2,2,7,36,0.4547368,-6.419666,0.06578947
3,33,1,11,3,35,18,2,0,1,3,5,35,0.4421053,-7.144202,0.02105263
1,18,1,5,10,36,19,3,0,1,1,11,37,0.4673684,-6.029542,0.09210526
3,30,1,10,4,34,19,2,0,1,3,6,35,0.4421053,-6.831643,0.03947368
0,22,0,6,11,38,38,6,1,4,0,7,38,0.48,-6.071482,0.09210526
4,32,1,11,5,34,18,2,0,1,4,6,34,0.4294737,-6.899862,0.03421053
2,29,1,12,6,35,18,2,0,3,2,7,36,0.4547368,-6.767144,0.04473684
3,27,1,9,9,35,30,3,0,2,3,8,35,0.4421053,-6.251177,0.07368421
1,34,1,18,3,37,25,2,0,0,1,3,37,0.4673684,-6.832917,0.04210526
3,29,1,7,5,35,18,2,0,1,3,9,35,0.4421053,-6.876295,0.03684211
3,29,1,22,9,34,18,2,0,0,3,7,35,0.4421053,-6.653038,0.05
2,22,1,5,12,36,26,6,0,5,2,10,36,0.4547368,-5.941883,0.09473684
1,30,1,10,6,37,19,1,0,2,1,8,37,0.4673684,-6.663785,0.05263158
3,32,1,15,4,35,18,2,0,1,3,5,35,0.4421053,-7.010248,0.02894737
2,29,1,10,6,36,19,3,0,0,2,6,36,0.4547368,-6.810579,0.04210526
1,30,1,14,7,36,37,2,0,1,1,8,37,0.4673684,-6.663785,0.05263158
0,28,0,16,9,37,38,3,1,1,0,7,38,0.48,-6.359816,0.07368421
1,30,1,8,5,37,37,2,0,1,1,8,37,0.4673684,-6.959765,0.03421053
1,30,1,18,7,37,26,3,0,0,1,5,37,0.4673684,-6.240956,0.07894737
1,24,1,6,9,36,27,3,0,3,1,10,37,0.4673684,-6.283239,0.07631579
0,27,0,18,11,38,38,3,0,0,0,6,38,0.48,-6.071482,0.09210526
2,33,1,9,3,36,18,1,0,1,2,6,36,0.4547368,-7.158058,0.02105263
2,36,1,19,2,36,18,1,0,0,2,3,36,0.4547368,-7.331797,0.01052632
3,26,1,10,9,33,22,5,0,2,3,7,35,0.4421053,-6.340479,0.06842105
1,32,1,18,6,36,37,1,0,0,1,7,37,0.4673684,-6.832917,0.04210526
3,32,1,12,3,35,18,2,0,1,3,6,35,0.4421053,-7.099551,0.02368421
2,25,1,14,11,35,25,3,1,1,2,8,36,0.4547368,-6.115622,0.08421053
1,23,1,5,8,37,19,2,0,4,1,12,37,0.4673684,-6.283239,0.07631579
1,27,1,18,7,37,19,3,1,1,1,6,37,0.4673684,-6.410088,0.06842105
3,27,2,19,11,35,19,5,0,0,2,5,35,0.4421053,-6.206526,0.07631579
3,29,1,7,6,34,18,2,0,0,3,9,35,0.4421053,-6.831643,0.03947368
2,25,1,18,13,36,26,3,0,0,2,7,36,0.4547368,-6.072187,0.08684211
0,29,0,14,5,36,38,3,0,2,0,7,38,0.48,-6.771721,0.04736842
1,31,1,10,5,37,37,1,0,2,1,8,37,0.4673684,-6.8752,0.03947368
3,28,1,18,10,33,26,3,0,0,3,6,35,0.4421053,-6.340479,0.06842105
1,28,1,9,9,37,37,4,0,1,1,7,37,0.4673684,-6.748351,0.04736842
2,28,1,8,5,35,18,3,0,3,2,7,36,0.4547368,-6.767144,0.04473684
4,27,1,13,8,34,17,5,0,2,4,8,34,0.4294737,-6.394546,0.06315789
0,26,0,8,6,38,38,3,1,2,0,8,38,0.48,-6.442197,0.06842105
2,32,1,19,5,36,19,3,0,0,2,3,36,0.4547368,-6.810579,0.04210526
1,30,1,11,5,37,19,2,1,2,1,6,37,0.4673684,-6.621502,0.05526316
1,30,1,16,5,36,25,2,1,1,1,6,37,0.4673684,-6.621502,0.05526316
1,30,1,10,5,37,28,2,0,2,1,7,37,0.4673684,-6.706068,0.05
2,32,1,17,5,36,23,2,0,1,2,5,36,0.4547368,-6.897449,0.03684211
3,33,1,18,5,35,29,3,0,0,3,4,35,0.4421053,-6.876295,0.03684211
0,30,0,10,5,38,38,2,0,2,0,6,38,0.48,-6.68934,0.05263158
1,26,1,5,7,37,19,3,0,4,1,9,37,0.4673684,-6.536936,0.06052632
2,34,1,22,3,36,18,1,0,1,2,4,36,0.4547368,-6.854014,0.03947368
2,31,1,12,6,36,18,2,0,1,2,7,36,0.4547368,-6.940883,0.03421053
2,31,1,25,5,36,18,2,0,0,2,5,36,0.4547368,-6.723709,0.04736842
2,35,1,12,2,36,18,1,0,0,2,4,36,0.4547368,-7.288362,0.01315789
7,28,2,18,8,31,13,2,0,0,6,6,31,0.3915789,-5.822954,0.08684211
1,23,1,8,10,37,20,3,1,4,1,10,37,0.4673684,-5.818127,0.1052632
1,27,1,7,6,36,21,3,1,2,1,7,37,0.4673684,-6.367805,0.07105263
2,32,2,18,6,36,36,3,0,0,1,4,36,0.4547368,-6.767144,0.04473684
2,27,1,18,9,36,32,5,0,0,2,4,36,0.4547368,-6.332796,0.07105263
0,24,0,14,9,37,38,4,0,3,0,8,38,0.48,-6.277435,0.07894737
0,25,0,10,11,38,38,4,0,2,0,7,38,0.48,-6.277435,0.07894737
3,33,1,20,5,35,18,2,0,0,3,5,35,0.4421053,-7.010248,0.02894737
0,28,0,9,8,37,38,1,0,0,0,10,38,0.48,-6.359816,0.07368421
0,27,0,15,8,38,38,3,1,1,0,7,38,0.48,-6.153863,0.08684211
2,27,1,13,10,35,19,3,0,1,2,7,36,0.4547368,-6.419666,0.06578947
5,30,1,17,6,33,8,2,0,1,5,6,33,0.4168421,-6.593724,0.05
2,31,1,10,5,36,18,1,0,1,2,7,36,0.4547368,-6.940883,0.03421053
1,26,1,7,7,37,19,3,0,2,1,6,37,0.4673684,-6.536936,0.06052632
2,24,1,12,10,36,20,5,0,2,2,7,36,0.4547368,-6.028752,0.08947368
2,27,1,12,9,35,19,3,0,2,2,8,36,0.4547368,-6.4631,0.06315789
2,33,1,14,3,36,35,2,0,0,2,5,36,0.4547368,-6.940883,0.03421053
3,32,1,12,3,35,18,1,0,1,3,7,35,0.4421053,-7.0549,0.02631579
1,24,1,6,8,36,23,3,0,3,1,8,37,0.4673684,-6.114107,0.08684211
2,26,1,10,9,35,23,6,0,2,2,6,36,0.4547368,-6.419666,0.06578947
1,25,1,11,9,37,19,4,0,2,1,8,37,0.4673684,-6.283239,0.07631579
2,33,1,15,4,36,18,2,0,1,2,4,36,0.4547368,-6.940883,0.03421053
1,33,1,18,5,37,37,2,0,0,1,5,37,0.4673684,-7.002048,0.03157895
2,30,1,14,5,36,18,2,0,2,2,8,36,0.4547368,-6.940883,0.03421053
0,25,0,7,10,38,38,4,1,3,0,10,38,0.48,-6.030292,0.09473684
1,27,1,12,8,36,34,4,0,2,1,7,37,0.4673684,-6.410088,0.06842105
3,32,1,20,6,35,18,2,0,0,3,6,35,0.4421053,-6.831643,0.03947368
1,26,1,8,6,36,37,4,0,4,1,7,37,0.4673684,-6.536936,0.06052632
2,30,1,11,7,36,18,3,0,0,2,6,36,0.4547368,-7.114623,0.02368421
2,28,1,9,7,36,18,3,0,2,2,7,36,0.4547368,-6.723709,0.04736842
0,25,0,7,9,37,38,4,0,4,0,6,38,0.48,-6.277435,0.07894737
4,29,3,20,9,34,19,2,0,0,2,5,34,0.4294737,-6.440483,0.06052632
2,33,1,11,4,36,18,1,0,1,2,6,36,0.4547368,-7.114623,0.02368421
1,26,1,13,9,37,37,5,1,2,1,8,37,0.4673684,-6.367805,0.07105263
0,32,0,12,4,38,38,1,1,1,0,5,38,0.48,-6.771721,0.04736842
1,29,1,9,7,37,19,2,0,2,1,8,37,0.4673684,-6.663785,0.05263158
0,28,0,9,6,38,38,3,0,0,0,6,38,0.48,-6.524578,0.06315789
8,28,2,9,5,29,11,3,0,2,7,8,30,0.3789474,-6.594133,0.04473684
7,34,2,18,4,30,10,1,0,0,6,5,31,0.3915789,-6.929215,0.02894737
1,30,1,18,7,37,37,2,0,0,1,7,37,0.4673684,-6.748351,0.04736842
2,27,1,6,6,35,19,2,1,4,2,10,36,0.4547368,-6.376231,0.06842105
1,28,1,18,9,35,37,4,0,0,1,5,37,0.4673684,-6.494654,0.06315789
2,29,1,10,7,35,14,3,1,2,2,6,36,0.4547368,-6.4631,0.06315789
1,34,1,18,3,37,37,1,0,0,1,5,37,0.4673684,-7.086614,0.02631579
5,31,1,10,5,33,9,4,0,0,5,4,33,0.4168421,-6.593724,0.05
3,28,1,13,7,35,15,2,0,2,3,8,35,0.4421053,-6.519084,0.05789474
1,28,1,6,5,37,19,2,0,3,1,9,37,0.4673684,-6.748351,0.04736842
1,28,1,12,8,37,37,3,0,1,1,7,37,0.4673684,-6.579219,0.05789474
3,28,1,21,8,34,18,4,0,0,3,6,35,0.4421053,-6.519084,0.05789474
2,23,1,11,14,35,26,5,0,2,2,6,36,0.4547368,-5.768143,0.1052632
2,32,1,18,5,36,30,2,1,1,2,6,36,0.4547368,-6.723709,0.04736842
1,32,1,18,5,37,37,3,0,0,1,5,37,0.4673684,-6.917483,0.03684211
2,18,1,3,12,34,22,4,0,1,2,12,36,0.4547368,-5.898448,0.09736842
1,24,1,9,10,37,37,3,0,3,1,10,37,0.4673684,-6.071825,0.08947368
